problem,method,variance_mode,pool,n,posterior_feasible_count_mean,posterior_feasible_count_std,posterior_feasible_count_se,true_feasible_count_mean,true_feasible_count_std,true_feasible_count_se,tp_mean,tp_std,tp_se,fp_mean,fp_std,fp_se,fn_mean,fn_std,fn_se,tn_mean,tn_std,tn_se,precision_mean,precision_std,precision_se,recall_mean,recall_std,recall_se,f1_mean,f1_std,f1_se,false_feasible_rate_mean,false_feasible_rate_std,false_feasible_rate_se,false_infeasible_rate_mean,false_infeasible_rate_std,false_infeasible_rate_se
RCZDT-Curve2D,GPR-KG-AVB-safe,vepm,axis,3,0.6666666666666666,1.1547005383792517,0.6666666666666667,41.0,0.0,0.0,0.0,0.0,0.0,0.6666666666666666,1.1547005383792517,0.6666666666666667,41.0,0.0,0.0,59.333333333333336,1.1547005383792517,0.6666666666666667,0.0,0.0,0.0,0.0,0.0,0.0,0.0,0.0,0.0,0.011111111111111112,0.019245008972987525,0.011111111111111112,1.0,0.0,0.0
RCZDT-Curve2D,GPR-KG-AVB-safe,vepm,combined,3,50.333333333333336,51.2867754234299,29.61043359658514,469.6666666666667,28.112867753634337,16.230971765253134,44.0,46.87216658103186,27.06165799305973,6.333333333333333,5.507570547286102,3.1797973380564857,425.6666666666667,20.008331597945226,11.551815634108971,705.0,31.953090617340916,18.448125469362285,0.8935534591194969,0.11298753516177905,0.06523338384072544,0.09010133013413857,0.09208860750845313,0.05316738233430321,0.15423976608187134,0.14909592981043018,0.08608057521112943,0.009047111201394883,0.00791997617246529,0.0045726003751482575,0.9098986698658614,0.09208860750845316,0.05316738233430322
RCZDT-Curve2D,GPR-KG-AVB-safe,vepm,random,3,38.666666666666664,41.68133075290823,24.064727530373396,395.3333333333333,19.55334583474995,11.289129481250733,33.333333333333336,36.89625093872457,21.302060411560614,5.333333333333333,5.033222956847167,2.905932629027116,362.0,17.349351572897472,10.016652800877813,599.3333333333334,24.337899115029078,14.051492605571994,0.8936507936507937,0.10060286906343378,0.058083093535022175,0.08142451332216144,0.08779615316548561,0.05068913266390673,0.14006452786216095,0.14419399368904615,0.083250441071898,0.008996241411954374,0.008607113526708178,0.004969319311590636,0.9185754866778385,0.08779615316548563,0.05068913266390675
RCZDT-MisalignedV,GPR-KG-AVB-safe,vepm,axis,3,0.0,0.0,0.0,52.0,0.0,0.0,0.0,0.0,0.0,0.0,0.0,0.0,52.0,0.0,0.0,49.0,0.0,0.0,0.0,0.0,0.0,0.0,0.0,0.0,0.0,0.0,0.0,0.0,0.0,0.0,1.0,0.0,0.0
RCZDT-MisalignedV,GPR-KG-AVB-safe,vepm,combined,3,319.3333333333333,156.57692465153778,90.39972959644909,600.3333333333334,27.50151510977774,15.878007151752739,175.33333333333334,80.03957354542398,46.21086933227338,144.0,82.72242743053422,47.75981574503822,425.0,85.492689745966,49.359227438578635,436.6666666666667,71.28347167003956,41.15553155746841,0.556466937452853,0.05990773728517103,0.034587748248134875,0.29271241612105986,0.1356210411871122,0.07830084463715656,0.367736169154746,0.12630932201497105,0.07292472106650266,0.2459683838618966,0.13321553048687243,0.0769120223868346,0.7072875838789402,0.13562104118711224,0.07830084463715659
RCZDT-MisalignedV,GPR-KG-AVB-safe,vepm,random,3,269.3333333333333,148.5272141169198,85.75222705238883,510.6666666666667,28.095076674273972,16.220700080795254,152.0,78.84795495128583,45.52288801617636,117.33333333333333,77.83529619223745,44.93822920904255,358.6666666666667,80.63704690359968,46.55582073644976,372.0,67.97793759742936,39.24708057083143,0.5743751432529708,0.07637536785885167,0.044095339192764704,0.2977805575037739,0.15475101018397724,0.08934553738708578,0.37145169058461763,0.14993597028938205,0.08656557280778246,0.23734877692558523,0.14811439976770596,0.08551388857674488,0.7022194424962261,0.15475101018397727,0.0893455373870858
RCZDT-StepV,GPR-KG-AVB-safe,vepm,axis,3,0.0,0.0,0.0,51.0,0.0,0.0,0.0,0.0,0.0,0.0,0.0,0.0,51.0,0.0,0.0,50.0,0.0,0.0,0.0,0.0,0.0,0.0,0.0,0.0,0.0,0.0,0.0,0.0,0.0,0.0,1.0,0.0,0.0
RCZDT-StepV,GPR-KG-AVB-safe,vepm,combined,3,159.33333333333334,174.68352335962695,100.8535792346729,593.6666666666666,33.08070938376826,19.099156467702386,83.33333333333333,88.08140174482541,50.85382100797453,76.0,86.6083136886985,50.003333222229635,510.3333333333333,120.70349345952391,69.68819444098436,511.0,54.147945482723536,31.262330900515614,0.5408120161493408,0.026334104971093918,0.015204002593928937,0.1462638369654878,0.16152797982111355,0.09325822263137636,0.19902175256302101,0.1771812679681121,0.10229565275674873,0.1243989038649919,0.13615864119181564,0.07861122814458843,0.8537361630345122,0.16152797982111355,0.09325822263137636
RCZDT-StepV,GPR-KG-AVB-safe,vepm,random,3,116.66666666666667,163.19415839218428,94.22019127790202,503.6666666666667,25.423086620891127,14.678025904202666,62.0,85.8079250419214,49.54122862155655,54.666666666666664,77.39078325830107,44.681589546976106,441.6666666666667,109.81044273352754,63.39908867203411,441.6666666666667,54.42732157045148,31.42362875997049,0.54290306286449,0.02471585773708837,0.014269707117760466,0.12877842464945818,0.18150672129200332,0.1047929543976645,0.16809139953002372,0.21181117202419386,0.12228923718553847,0.1054729650079831,0.14671882874280653,0.08470815526984596,0.8712215753505418,0.18150672129200332,0.1047929543976645
