problem,method,variance_mode,pool,subset,n,boundary_abs_threshold_mean,boundary_abs_threshold_std,boundary_abs_threshold_se,n_eval_mean,n_eval_std,n_eval_se,posterior_feasible_count_mean,posterior_feasible_count_std,posterior_feasible_count_se,true_feasible_count_mean,true_feasible_count_std,true_feasible_count_se,tp_mean,tp_std,tp_se,fp_mean,fp_std,fp_se,fn_mean,fn_std,fn_se,tn_mean,tn_std,tn_se,precision_mean,precision_std,precision_se,recall_mean,recall_std,recall_se,f1_mean,f1_std,f1_se,false_feasible_rate_mean,false_feasible_rate_std,false_feasible_rate_se,false_infeasible_rate_mean,false_infeasible_rate_std,false_infeasible_rate_se,abs_true_margin_mean_mean,abs_true_margin_mean_std,abs_true_margin_mean_se,abs_post_margin_mean_mean,abs_post_margin_mean_std,abs_post_margin_mean_se,margin_bias_mean,margin_bias_std,margin_bias_se,margin_mae_mean,margin_mae_std,margin_mae_se,margin_rmse_mean,margin_rmse_std,margin_rmse_se,mu0_mae_mean,mu0_mae_std,mu0_mae_se,mu0_rmse_mean,mu0_rmse_std,mu0_rmse_se,mu1_mae_mean,mu1_mae_std,mu1_mae_se,mu1_rmse_mean,mu1_rmse_std,mu1_rmse_se,mu2_mae_mean,mu2_mae_std,mu2_mae_se,mu2_rmse_mean,mu2_rmse_std,mu2_rmse_se,var2_pred_mean_mean,var2_pred_mean_std,var2_pred_mean_se,var2_true_mean_mean,var2_true_mean_std,var2_true_mean_se,var2_rmse_mean,var2_rmse_std,var2_rmse_se,var2_ratio_mean_mean,var2_ratio_mean_std,var2_ratio_mean_se,var2_ratio_median_mean,var2_ratio_median_std,var2_ratio_median_se,var2_log_rmse_mean,var2_log_rmse_std,var2_log_rmse_se,fp_count_mean,fp_count_std,fp_count_se,fn_count_mean,fn_count_std,fn_count_se,fp_true_margin_mean_mean,fp_true_margin_mean_std,fp_true_margin_mean_se,fp_post_margin_mean_mean,fp_post_margin_mean_std,fp_post_margin_mean_se,fn_true_margin_mean_mean,fn_true_margin_mean_std,fn_true_margin_mean_se,fn_post_margin_mean_mean,fn_post_margin_mean_std,fn_post_margin_mean_se
RZDT2_VC,GPR-KG,vepm,axis,all,3,0.004417494632216135,0.0,0.0,101.0,0.0,0.0,24.0,22.64950330581225,13.076696830622021,52.0,0.0,0.0,5.333333333333333,5.033222956847167,2.905932629027116,18.666666666666668,17.616280348965084,10.170764201594906,46.666666666666664,5.033222956847167,2.905932629027116,30.333333333333332,17.616280348965084,10.170764201594906,0.14814814814814814,0.12830005981991682,0.07407407407407407,0.10256410256410257,0.09679274917013782,0.055883319788983,0.1193614337291748,0.10687436058838069,0.061703940855170725,0.38095238095238093,0.35951592548908334,0.20756661635907972,0.8974358974358975,0.09679274917013782,0.055883319788983,0.007680122602876981,0.0,0.0,0.11266607144491043,0.1115638555487734,0.06441142203291686,0.09845679407326403,0.12368445426339492,0.07140925296354302,0.11589160386010706,0.10899895198353673,0.06293057426908204,0.1265086344488701,0.10490717176083539,0.06056818385604062,0.12573375889039864,0.07787075264295157,0.04495870000040685,0.12627940538963214,0.07766007848739438,0.044837067219984615,0.23841747060771612,0.007886162446684943,0.00455307801146667,0.31977825940502286,0.02107946038344988,0.01217023212675684,0.07576891913712135,0.1020662485351169,0.058927976066924986,0.07814812191281213,0.10068994924720875,0.058133369302565734,0.009116854141033227,0.0014854407939137258,0.000857619642231341,0.006093069306930692,0.0,0.0,0.006283537935359078,0.0013508632482393322,0.0007799212600093508,4.343224244486064,0.4161836056602808,0.2402837167602722,1.7448541829038848,0.3137246328305067,0.18112900121610956,1.375843512437213,0.08390967861398427,0.048445275535398805,18.666666666666668,17.616280348965084,10.170764201594906,46.666666666666664,5.033222956847167,2.905932629027116,0.005757244256760943,0.004988619681830776,0.002880180916189664,-0.0189368917000317,0.024559404759378806,0.01417937894896433,-0.008161827897358163,0.000527301623714788,0.0003044377343958596,0.1262173621797189,0.1017956164886708,0.058771726582058
RZDT2_VC,GPR-KG,vepm,axis,far_true_boundary,3,0.004417494632216135,0.0,0.0,75.0,0.0,0.0,16.333333333333332,16.010413278030438,9.243616415908033,38.0,0.0,0.0,1.0,1.7320508075688772,1.0,15.333333333333334,14.571661996262929,8.412952976082641,37.0,1.7320508075688772,1.0,21.666666666666668,14.571661996262929,8.412952976082641,0.03125,0.05412658773652741,0.03125,0.02631578947368421,0.045580284409707295,0.02631578947368421,0.02857142857142857,0.049487165930539354,0.028571428571428574,0.4144144144144144,0.3938287026017008,0.227377107461693,0.9736842105263158,0.045580284409707315,0.026315789473684223,0.00950970974398922,0.0,0.0,0.11993085048167794,0.11436734326843508,0.06603001642253332,0.10711506012389056,0.1254192040521204,0.07241081122104032,0.12429655268198331,0.1108814825189752,0.06401745378047512,0.13481355998776315,0.1066421179733481,0.06156985551886436,0.1252959102226383,0.07746224351548438,0.04472284714569725,0.12591416516949247,0.0772513343453086,0.044601078679521705,0.24756900551904373,0.008937517791077888,0.005160078302565888,0.3316811964197557,0.022161301849757835,0.012794833588550238,0.07693193277426419,0.10416170429807749,0.06013778801574524,0.07960492010712851,0.10257477434556338,0.05922157358047614,0.009629134218108938,0.0018808901730414725,0.001085932447721616,0.0064603177766781065,0.0,0.0,0.006692579898790306,0.001433491070785991,0.0008276264555992169,5.288963195998664,0.5149910254615077,0.2973302071804429,1.9931536241343704,0.5355271117746174,0.3091867221414182,1.5507047821306656,0.08663647270238578,0.0500195908363621,15.333333333333334,14.571661996262929,8.412952976082641,37.0,1.7320508075688772,1.0,0.006702226622959708,0.005804370118368339,0.0033511546503161805,-0.017377621205272753,0.02448946191123712,0.01413899742676184,-0.009650163511855103,0.00018651899299234757,0.0001076867908131098,0.13456751914777798,0.1057739818375942,0.061068636887193606
RZDT2_VC,GPR-KG,vepm,axis,fn,3,0.004417494632216135,0.0,0.0,46.666666666666664,5.033222956847167,2.905932629027116,0.0,0.0,0.0,46.666666666666664,5.033222956847167,2.905932629027116,0.0,0.0,0.0,0.0,0.0,0.0,46.666666666666664,5.033222956847167,2.905932629027116,0.0,0.0,0.0,0.0,0.0,0.0,0.0,0.0,0.0,0.0,0.0,0.0,0.0,0.0,0.0,1.0,0.0,0.0,0.008161827897358163,0.000527301623714788,0.0003044377343958596,0.1262173621797189,0.1017956164886708,0.058771726582058,0.13437919007707708,0.10132515144033924,0.05850010345975946,0.13437919007707708,0.10132515144033924,0.05850010345975946,0.14309215188131633,0.09864432495881985,0.056952327569003564,0.12178322954308378,0.0751258244628327,0.04337391497670903,0.12259163688162637,0.0746980495165246,0.04312693899630548,0.29413287858863363,0.01807096582737732,0.010433276984952824,0.39684218050916775,0.029405845220304146,0.01697747265369107,0.07336858715281688,0.0940724730909695,0.05431276766240507,0.07605293576079443,0.09219887233243726,0.0532310437601126,0.007140451584528665,0.001307824829788866,0.0007550730175314783,0.00151784982522397,0.00018923919298537666,0.00010925729901133476,0.006352883257831181,0.0015804346206266182,0.0009124643536553821,8.179838653739049,1.6745254716745288,0.9667877318361743,5.877372055051122,1.0803972730748457,0.6237676564414998,1.946934089318902,0.17804228623133905,0.10279276188280001,0.0,0.0,0.0,46.666666666666664,5.033222956847167,2.905932629027116,0.0,0.0,0.0,0.0,0.0,0.0,-0.008161827897358163,0.000527301623714788,0.0003044377343958596,0.1262173621797189,0.1017956164886708,0.058771726582058
RZDT2_VC,GPR-KG,vepm,axis,fp,3,0.004417494632216135,0.0,0.0,18.666666666666668,17.616280348965084,10.170764201594906,18.666666666666668,17.616280348965084,10.170764201594906,0.0,0.0,0.0,0.0,0.0,0.0,18.666666666666668,17.616280348965084,10.170764201594906,0.0,0.0,0.0,0.0,0.0,0.0,0.0,0.0,0.0,0.0,0.0,0.0,0.0,0.0,0.0,0.6666666666666666,0.5773502691896258,0.33333333333333337,0.0,0.0,0.0,0.005757244256760943,0.004988619681830776,0.002880180916189664,0.0189368917000317,0.024559404759378806,0.01417937894896433,-0.02469413595679265,0.0282415876832542,0.016305288251269232,0.02469413595679265,0.0282415876832542,0.016305288251269232,0.027100593208583643,0.03159645966812803,0.018242224494832874,0.056210684553930905,0.04948104951275419,0.028567897255973834,0.056271742225072474,0.04954590710720294,0.02860534280558781,0.11714053302119272,0.10302179618505368,0.05947966175983951,0.1362934425327888,0.11840040990494093,0.06835850853077968,0.009247275891236577,0.008190281166893257,0.004728661036444544,0.010919949327611582,0.009646645167119857,0.005569493184013452,0.004708466750455195,0.004084537301703133,0.0023582087106533717,0.007629799718011893,0.006608917363809683,0.0038156602190475126,0.003321452109205666,0.0029425831348328492,0.0016989011650085984,0.4133474153765157,0.35959661391159403,0.20761320184153675,0.38813436202916324,0.3391141539387979,0.19578764806257717,0.3853560952981032,0.35677399628586226,0.20598356279550112,18.666666666666668,17.616280348965084,10.170764201594906,0.0,0.0,0.0,0.005757244256760943,0.004988619681830776,0.002880180916189664,-0.0189368917000317,0.024559404759378806,0.01417937894896433,0.0,0.0,0.0,0.0,0.0,0.0
RZDT2_VC,GPR-KG,vepm,axis,high_t1,3,0.004417494632216135,0.0,0.0,34.0,0.0,0.0,9.333333333333334,9.018499505645789,5.2068331172711035,26.0,0.0,0.0,5.333333333333333,5.033222956847167,2.905932629027116,4.0,4.0,2.3094010767585034,20.666666666666668,5.033222956847167,2.905932629027116,4.0,4.0,2.3094010767585034,0.38518518518518513,0.3343195287821261,0.19301946993770935,0.20512820512820515,0.19358549834027564,0.111766639577966,0.26262626262626265,0.2353773777319403,0.13589519239468398,0.5,0.5,0.2886751345948129,0.7948717948717948,0.19358549834027564,0.111766639577966,0.006571456745102677,0.0,0.0,0.09769196464088144,0.09980451191155895,0.05762216181847778,0.08605408257434942,0.11486632898462285,0.06631810596009612,0.102564119133069,0.0999243001887517,0.05769132161256077,0.10976338983587582,0.09782091956740141,0.05647693424461594,0.11983072022075426,0.0740385166838218,0.04274615753780512,0.11994708832331231,0.0741482628753615,0.0428095195310331,0.5039628327011612,0.03625558117553489,0.020932169551321395,0.519068214667417,0.03796625454110565,0.0219198272794292,0.06966233266477989,0.09337132585591489,0.053907960117504726,0.0709767673642158,0.09250906213834122,0.05341013192805112,0.00515598055138682,0.0013840543066199,0.0007990841265000601,0.0029880223129753344,5.311484201212962e-19,3.066586833366748e-19,0.0042294314302503645,0.0019713762581507525,0.0011381746133173741,3.4469030537961682,0.3171326244044444,0.18309660606871847,2.3243987803938775,0.5816756047878658,0.3358305670053127,1.2520450777210812,0.05584274175756906,0.032240821986019255,4.0,4.0,2.3094010767585034,20.666666666666668,5.033222956847167,2.905932629027116,0.0017286296886295006,0.001661336360338464,0.0009591729948559253,-0.02595819418643559,0.02672978377855949,0.015432447859931815,-0.009036454707485138,0.0013549803515256148,0.0007822982706999675,0.09790114101861563,0.09386053953397006,0.054190407766221124
RZDT2_VC,GPR-KG,vepm,axis,low_t1,3,0.004417494632216135,0.0,0.0,34.0,0.0,0.0,0.0,0.0,0.0,26.0,0.0,0.0,0.0,0.0,0.0,0.0,0.0,0.0,26.0,0.0,0.0,8.0,0.0,0.0,0.0,0.0,0.0,0.0,0.0,0.0,0.0,0.0,0.0,0.0,0.0,0.0,1.0,0.0,0.0,0.006571456745102678,0.0,0.0,0.13348002026035818,0.11486563485007069,0.06631770520132557,0.1384922750283522,0.11486563485007072,0.06631770520132559,0.13863945280454226,0.11469321539841396,0.06621815878449804,0.14942920486068126,0.10906142641457732,0.06296664389866079,0.12722518889973414,0.07924422869920103,0.045751676771207984,0.12740607696377224,0.0791673503852919,0.045707291055977706,0.05488590638143351,0.03421454420350364,0.019753776306093176,0.06356840077368557,0.038940925651104054,0.02248255390715813,0.07692276812739562,0.09904297123743064,0.05718248610527094,0.0794704547074798,0.09711301212513436,0.056068223692261714,0.009689322716429789,0.0018869217187767085,0.001089414762275484,0.002988022312975333,0.0,0.0,0.00721715060480696,0.0017627262956578472,0.00101771050130569,8.456117158225952,1.646764339402271,0.9507598346457775,4.893198166870367,0.9529130327850375,0.5501645959927441,1.9355011801149635,0.1611456120462793,0.09303746249364636,0.0,0.0,0.0,26.0,0.0,0.0,0.0,0.0,0.0,0.0,0.0,0.0,-0.007573965220101683,0.0,0.0,0.14861426914930673,0.11467091999999708,0.06620528653022036
RZDT2_VC,GPR-KG,vepm,axis,mid_t1,3,0.004417494632216135,0.0,0.0,33.0,0.0,0.0,14.666666666666666,13.650396819628845,7.881060278357926,0.0,0.0,0.0,0.0,0.0,0.0,14.666666666666666,13.650396819628845,7.881060278357926,0.0,0.0,0.0,18.333333333333332,13.650396819628845,7.881060278357926,0.0,0.0,0.0,0.0,0.0,0.0,0.0,0.0,0.0,0.4444444444444445,0.4136483884736014,0.2388200084350887,0.0,0.0,0.0,0.009964646188593725,0.0,0.0,0.10664926452405475,0.12183770886083416,0.07034303400824986,0.06998666796690343,0.14837460119551765,0.08566411594113549,0.10618577406036461,0.11372625324384346,0.06565988292426057,0.11348745848937203,0.11223807282764933,0.06480068156036817,0.13027905266162604,0.08217421794979744,0.04744330685376253,0.13032529053266198,0.0821429107145228,0.04742523161304914,0.1539184061385186,0.018624958974382953,0.010753125077505735,0.17294365865049124,0.016319528256931937,0.00942208403218736,0.08087173957319058,0.11455982280067946,0.06614114453228812,0.08157945921459224,0.11403680060562542,0.06583917752718152,0.01260793809510883,0.0042923340560741255,0.0024781802227261947,0.012491347961141736,0.0,0.0,0.006611515924186268,0.002435131533666372,0.0014059238464744263,1.0291806510406127,0.3521121336823624,0.20329203516644542,0.8877398989272273,0.08174280006909207,0.04719422762420407,0.5483639068867062,0.13659821208496117,0.07886501451807393,14.666666666666666,13.650396819628845,7.881060278357926,0.0,0.0,0.0,0.006816719772068112,0.005906858700871652,0.0034103264610133312,-0.017148354678398866,0.02409620824843669,0.013911952318684204,0.0,0.0,0.0,0.0,0.0,0.0
RZDT2_VC,GPR-KG,vepm,axis,near_true_boundary,3,0.004417494632216135,0.0,0.0,26.0,0.0,0.0,7.666666666666667,6.8068592855540455,3.9299420408505323,14.0,0.0,0.0,4.333333333333333,3.7859388972001824,2.185812841434,3.3333333333333335,3.0550504633038935,1.763834207376394,9.666666666666666,3.7859388972001824,2.185812841434,8.666666666666666,3.055050463303893,1.7638342073763937,0.37948717948717947,0.3300827700872635,0.19057337616473893,0.30952380952380953,0.27042420694287017,0.15612948867385718,0.3395061728395062,0.29416672981342856,0.1698372406444149,0.27777777777777773,0.2545875386086578,0.14698618394803284,0.6904761904761904,0.27042420694287017,0.15612948867385718,0.002402467388130133,0.0,0.0,0.0917099780696196,0.10351014119296166,0.05976160788161259,0.07348102661953378,0.11871201539850504,0.06853841404636989,0.09164655918161801,0.10357529966344911,0.059799227142088504,0.09669596985458535,0.10265337799606997,0.059266955419255404,0.1269967838935536,0.07905532807102558,0.0456426149426808,0.12732293772911796,0.07883738957031451,0.04551678809062848,0.21201881220965565,0.005834358809098427,0.0033684686289818413,0.28264245437803837,0.017728304126005703,0.010235441159424947,0.07241407210690164,0.09620088034869363,0.05554160416559725,0.07350903703135205,0.09536379368615826,0.05505831195564741,0.007639123149468684,0.0006031528714294418,0.000348230472682284,0.00503369872112085,0.0,0.0,0.004915841897940718,0.0010820636099145857,0.0006247297164644843,1.615131115122791,0.13549781617136727,0.07822970064114533,1.3674504934448912,0.07315786075076003,0.04223771059778846,0.6438114561169149,0.09548941443842997,0.055130839130787285,3.3333333333333335,3.0550504633038935,1.763834207376394,9.666666666666666,3.7859388972001824,2.185812841434,0.0014917526227800771,0.0013424796417286773,0.0007750809825336442,-0.02581670573243795,0.026512151454699727,0.015306797779167016,-0.0023219722437557606,0.00015780657587875882,9.110966906349452e-05,0.09483944118019305,0.09813899602309589,0.05666057577193403
RZDT2_VC,GPR-KG,vepm,axis,tn,3,0.004417494632216135,0.0,0.0,30.333333333333332,17.616280348965084,10.170764201594906,0.0,0.0,0.0,0.0,0.0,0.0,0.0,0.0,0.0,0.0,0.0,0.0,0.0,0.0,0.0,30.333333333333332,17.616280348965084,10.170764201594906,0.0,0.0,0.0,0.0,0.0,0.0,0.0,0.0,0.0,0.0,0.0,0.0,0.0,0.0,0.0,0.006783707632090262,0.0013313264123763105,0.0007686416625647216,0.10309308823849161,0.1201882898281581,0.06939074148572784,0.09630938060640136,0.11919055293253415,0.06881469782045893,0.09736419182058888,0.11815507713265638,0.06821686558866016,0.10300929894823792,0.11840649666132351,0.06836202272121565,0.12773887406301823,0.08343686145070983,0.04817229441890483,0.1278325029448952,0.0833889859083946,0.04814465346166153,0.12794819688168532,0.0921123625959912,0.05318109734048794,0.15161406787816425,0.10910455554857701,0.06299154451578541,0.07881310535145107,0.11013171276610167,0.06358457401182335,0.07983247648741884,0.1095611125413261,0.0632551378184495,0.013878198855325324,0.0018512905754124137,0.0010688431120625744,0.009860653331862562,0.001128520905779608,0.000651551848737977,0.006047804605932419,0.0028194962890746014,0.001627836941476372,1.4538927587910038,0.009110907109274511,0.005260184672101314,1.3227380343964044,0.06107614880584427,0.03526233095411983,0.4763688596693549,0.1017564984718117,0.05874914178449423,0.0,0.0,0.0,0.0,0.0,0.0,0.0,0.0,0.0,0.0,0.0,0.0,0.0,0.0,0.0,0.0,0.0,0.0
RZDT2_VC,GPR-KG,vepm,axis,tp,3,0.004417494632216135,0.0,0.0,5.333333333333333,5.033222956847167,2.905932629027116,5.333333333333333,5.033222956847167,2.905932629027116,5.333333333333333,5.033222956847167,2.905932629027116,5.333333333333333,5.033222956847167,2.905932629027116,0.0,0.0,0.0,0.0,0.0,0.0,0.0,0.0,0.0,0.6666666666666666,0.5773502691896258,0.33333333333333337,0.6666666666666666,0.5773502691896258,0.33333333333333337,0.6666666666666666,0.5773502691896258,0.33333333333333337,0.0,0.0,0.0,0.0,0.0,0.0,0.0017200198044992707,0.0016516913590489395,0.0009536044507650842,0.012198813770826702,0.013146128909098708,0.007589921064469661,-0.010478793966327433,0.011528626018419868,0.006656055335121235,0.01072242053357724,0.011716587297412675,0.006764574830144958,0.012745536436007522,0.013846380021621233,0.007994211232784876,0.05247340252434601,0.045481382800012266,0.026258688602703497,0.052474507385389106,0.045482389448696786,0.026259269791592484,0.28828577985334647,0.25021362530395125,0.14446090392414843,0.28888288929977274,0.25070654818120586,0.1447454930800211,0.011906068132490295,0.014491799449069176,0.00836684431296216,0.012025601656595544,0.01446707361063694,0.00835256884348737,0.0024451336156667293,0.002121773175111799,0.0012250063138101242,0.0023801220544150932,0.002087407432797827,0.0012051652432342511,0.0005605072756319978,0.0005160776763669069,0.0002979575853731903,0.733939415311388,0.643031335119645,0.37125431442869156,0.7040056516958467,0.6138072047954013,0.3543817549191567,0.16897864011318878,0.16806826335714264,0.09703425709147923,0.0,0.0,0.0,0.0,0.0,0.0,0.0,0.0,0.0,0.0,0.0,0.0,0.0,0.0,0.0,0.0,0.0,0.0
RZDT2_VC,GPR-KG,vepm,combined,all,3,0.004878732543259286,0.0003994437481518363,0.00023061895552157577,1136.0,2.0,1.1547005383792517,352.3333333333333,72.26571340084683,41.72262908515927,575.6666666666666,11.930353445448855,6.887992773257276,110.33333333333333,23.28805129961142,13.44536268673247,242.0,92.26050075736637,53.26662494783515,465.3333333333333,23.180451534284945,13.383239933256487,318.3333333333333,97.32591295915664,56.19114204609517,0.32926138940141864,0.12921301376127925,0.0746011682778774,0.19156506380138882,0.03923805536853528,0.022654101829501287,0.24082461309308814,0.06636650782546251,0.03831672115820619,0.4328973695948342,0.1704387101086064,0.0984028351615365,0.8084349361986112,0.03923805536853528,0.022654101829501287,0.00773037957680955,9.612582948950003e-05,5.549827353183891e-05,0.06607673088083643,0.02295316517630851,0.013252016093295663,0.04294869372413784,0.020295625004672455,0.011717684559819343,0.06880777303307979,0.022231942444063298,0.012835617954688213,0.08814876511573515,0.03080603129730275,0.01778587046216178,0.0512394523805206,0.02452250048564701,0.014158072256591032,0.06576069370452126,0.033445432871284514,0.019309729671399673,0.05333431496288979,0.0029291035513531708,0.001691118723858042,0.10472325684774518,0.007709915744589853,0.004451321930568286,0.03979628651318471,0.019002975904805878,0.010971373254043647,0.05214811753684778,0.02703070793639155,0.015606186503461815,0.00909059421426637,0.0015261947181927297,0.0008811489313843576,0.006186065937384559,7.680372162227851e-05,4.434264935338758e-05,0.0064092934187731055,0.0014190240628282169,0.0008192739246604275,4.224525517925848,0.4914861787573733,0.28375967760855003,1.7080966501164065,0.2980393513201392,0.17207309971378382,1.3595149241889566,0.10289016472563489,0.05940366430131024,242.0,92.26050075736637,53.26662494783515,465.3333333333333,23.180451534284945,13.383239933256487,0.0076399698143131455,0.0006512394326827184,0.0003759932617662667,-0.03747102671988726,0.01382844005160143,0.007983853586264689,-0.00825256542691859,0.00017732728369350802,0.000102379954975112,0.08456993977207002,0.029897491843519333,0.01726132496395053
RZDT2_VC,GPR-KG,vepm,combined,far_true_boundary,3,0.004878732543259286,0.0003994437481518363,0.00023061895552157577,832.6666666666666,6.6583281184793925,3.844187531556932,222.66666666666666,63.51640208114226,36.67121183950399,416.3333333333333,6.8068592855540455,3.9299420408505323,48.333333333333336,25.006665778014735,14.43760521847181,174.33333333333334,79.82689605222875,46.08807992432654,368.0,27.073972741361768,15.631165450257807,242.0,91.34002408582998,52.735187493740845,0.24009471163497662,0.17170213669242818,0.09913227483980733,0.11622675995396843,0.06070629560859914,0.03504879611112971,0.15530378552992416,0.09155150978029464,0.052857288816369766,0.4225533463658197,0.2063713324792373,0.11914854435990943,0.8837732400460315,0.06070629560859916,0.035048796111129724,0.009598789106176989,0.00012679266427850815,7.320377885246653e-05,0.07166391174167726,0.023725666555940116,0.013698019972775328,0.05186496334444924,0.021992738789259503,0.0126975136601961,0.07532136484933397,0.022920425602417444,0.013233113891496503,0.09494656620297244,0.032077817666750455,0.01852013666491411,0.05096628055544181,0.023908332967424523,0.013803482474617754,0.06551237777563668,0.03262865769548481,0.018838164303784308,0.05533433552245248,0.0026749578583667153,0.001544387639598928,0.10817162082595518,0.008451040605504086,0.004879210568520242,0.04057073452161573,0.018210759292208376,0.010513986779503985,0.05331091362948195,0.026457288001584714,0.015275122349742392,0.009598009781355046,0.0019653436939096247,0.0011346917107288553,0.006564434682332461,0.0001265685584071334,7.307439126730135e-05,0.006871393605583635,0.001603969284450842,0.0009260520981495852,5.18328071638545,0.6464980941084973,0.373255848664121,2.0308025396433593,0.29692886127649476,0.1714319579881533,1.5388694104867746,0.11369066232911218,0.06563933450005976,174.33333333333334,79.82689605222875,46.08807992432654,368.0,27.073972741361768,15.631165450257807,0.009737341373844417,0.00015826867952068084,9.13764647255517e-05,-0.03683434268214215,0.015415151686158783,0.008899941975602687,-0.009796110413943222,8.052459868418884e-05,4.649089872670301e-05,0.09145598007860108,0.03125350412549453,0.01804421901997335
RZDT2_VC,GPR-KG,vepm,combined,fn,3,0.004878732543259286,0.0003994437481518363,0.00023061895552157577,465.3333333333333,23.180451534284945,13.383239933256487,0.0,0.0,0.0,465.3333333333333,23.180451534284945,13.383239933256487,0.0,0.0,0.0,0.0,0.0,0.0,465.3333333333333,23.180451534284945,13.383239933256487,0.0,0.0,0.0,0.0,0.0,0.0,0.0,0.0,0.0,0.0,0.0,0.0,0.0,0.0,0.0,1.0,0.0,0.0,0.00825256542691859,0.00017732728369350802,0.000102379954975112,0.08456993977207002,0.029897491843519333,0.01726132496395053,0.0928225051989886,0.02974762500097714,0.017174799302066193,0.0928225051989886,0.02974762500097714,0.017174799302066193,0.10965120302359062,0.0366819516373929,0.021178334652249626,0.05271184951622563,0.02630107730614397,0.01518493406267938,0.06695949180134365,0.03489480739226085,0.020146526441241944,0.06333739215637767,0.008050218172840991,0.004647795629124964,0.13432351667400103,0.017190030100242455,0.009924668505752752,0.03975615242567492,0.017629133201534402,0.010178184799485656,0.05289662331278685,0.02619480391232073,0.015123577090147836,0.007219282652556645,0.0011348212827815383,0.0006551893730960376,0.0014912759732045552,7.169083283964371e-05,4.139072163839676e-05,0.00647755243212337,0.0013766168794929255,0.0007947901259462233,8.40741050062692,1.1145557825975496,0.6434890811095493,6.093885347196729,0.44107851063180104,0.2546567968470296,1.9807608676228672,0.10641465952816827,0.061438532324310326,0.0,0.0,0.0,465.3333333333333,23.180451534284945,13.383239933256487,0.0,0.0,0.0,0.0,0.0,0.0,-0.00825256542691859,0.00017732728369350802,0.000102379954975112,0.08456993977207002,0.029897491843519333,0.01726132496395053
RZDT2_VC,GPR-KG,vepm,combined,fp,3,0.004878732543259286,0.0003994437481518363,0.00023061895552157577,242.0,92.26050075736637,53.26662494783515,242.0,92.26050075736637,53.26662494783515,0.0,0.0,0.0,0.0,0.0,0.0,242.0,92.26050075736637,53.26662494783515,0.0,0.0,0.0,0.0,0.0,0.0,0.0,0.0,0.0,0.0,0.0,0.0,0.0,0.0,0.0,1.0,0.0,0.0,0.0,0.0,0.0,0.0076399698143131455,0.0006512394326827184,0.0003759932617662667,0.03747102671988726,0.01382844005160143,0.007983853586264689,-0.0451109965342004,0.013997554375350187,0.008081491786604856,0.0451109965342004,0.013997554375350187,0.008081491786604856,0.052802454396800154,0.016668686978203444,0.009623670913903369,0.04141138130091567,0.005426484487339327,0.0031329822795186893,0.05187538140371317,0.007376666256010464,0.004258920248629671,0.03983236630576711,0.009185796585116071,0.005303422131137909,0.06141178963830802,0.02051362326091515,0.01184354591174393,0.027171716244278582,0.009130765704804224,0.005271650037576122,0.034580290070812265,0.012122435392141861,0.006998891336886951,0.007403761712642189,0.0007500744767844796,0.000433055701083787,0.010615264318168205,0.0005065545862773101,0.0002924594267464445,0.004638811707808698,0.0011699190548189124,0.0006754530812297716,0.733833793517142,0.11333599838677832,0.06543456917748146,0.6274826975179293,0.11119549051276521,0.06419874638021748,0.5693522149332284,0.17614793353293398,0.10169905684243574,242.0,92.26050075736637,53.26662494783515,0.0,0.0,0.0,0.0076399698143131455,0.0006512394326827184,0.0003759932617662667,-0.03747102671988726,0.01382844005160143,0.007983853586264689,0.0,0.0,0.0,0.0,0.0,0.0
RZDT2_VC,GPR-KG,vepm,combined,high_t1,3,0.004878732543259286,0.0003994437481518363,0.00023061895552157577,373.0,11.789826122551595,6.8068592855540455,145.66666666666666,20.033305601755625,11.566234381931649,287.6666666666667,2.516611478423583,1.4529663145135578,98.33333333333333,17.21433511156714,9.938701010583717,47.333333333333336,23.62907813126304,13.642254619787415,189.33333333333334,19.65536398374076,11.348029687032803,38.0,21.166010488516726,12.220201853215574,0.6807454133168419,0.1257599994312552,0.07260756952492238,0.3421863446931505,0.06297595050722579,0.036359181977819365,0.45417337734553626,0.08003277306570378,0.04620694307347631,0.5489768654284783,0.25334847020147133,0.14627080746959936,0.6578136553068495,0.06297595050722574,0.03635918197781933,0.006648300423426339,0.0001308078695861388,7.55219587176787e-05,0.055917108580039974,0.0157006574976476,0.009064778832720959,0.03113009322952237,0.009474563981096928,0.005470142064940644,0.059451625334536594,0.01468867557931151,0.008480510799754584,0.07584532870503065,0.02205169659159103,0.012731552963243034,0.04966870228099798,0.020464681652362815,0.011815289460871667,0.0629294544053491,0.02917105912188931,0.016841918836569283,0.08045499699088816,0.009428812057926969,0.005443727179782525,0.16362680616115075,0.013178455196630457,0.0076085846552780174,0.039380725089324276,0.021462912220126487,0.012391618147883336,0.050679666291954896,0.028019278274120884,0.016176937854062726,0.005064246594040288,0.001223317758229259,0.0007062828370181122,0.0029574868939656732,0.00010336336119469361,5.967686441010088e-05,0.004159894814647067,0.001701391207883428,0.0009822986718683597,3.4367818399832344,0.30954572859177565,0.17871630972896052,2.3498463086360215,0.4810052735588653,0.27770852417084047,1.2532905311521312,0.058842946833385666,0.03397299119416605,47.333333333333336,23.62907813126304,13.642254619787415,189.33333333333334,19.65536398374076,11.348029687032803,0.002416004852124351,0.00098688824000503,0.00056978019102698,-0.04457140710239136,0.013014371722920571,0.007513851017562046,-0.008977617744613385,0.0003753532628236262,0.00021671030733242495,0.063321554742462,0.019069198091611488,0.011009606651422192
RZDT2_VC,GPR-KG,vepm,combined,low_t1,3,0.004878732543259286,0.0003994437481518363,0.00023061895552157577,380.3333333333333,12.055427546683415,6.9602043392737,44.666666666666664,19.731531449264992,11.39200499375671,288.0,13.856406460551018,8.0,12.0,8.18535277187245,4.725815626252609,32.666666666666664,11.846237095944574,6.839428176227731,276.0,17.52141546793523,10.115993936995679,59.666666666666664,3.785938897200183,2.1858128414340006,0.2410697008398158,0.09690027294556351,0.055945398669669306,0.04193163751987281,0.02826134949861872,0.016316697740689615,0.07070070928293691,0.04615255253223434,0.02664618862827384,0.34778288411377467,0.10307100736292546,0.05950807384663092,0.9580683624801272,0.02826134949861874,0.016316697740689626,0.006581689955333504,5.657434210777848e-05,3.2663211645151886e-05,0.08237211078504995,0.033830683995910785,0.01953215451190826,0.08192861273701872,0.034942764981734466,0.020174214768434222,0.08775536210367675,0.03378054683410481,0.019503207808043172,0.1076418210853225,0.03998400838228099,0.023084778002790185,0.05044778930107704,0.024723041671209697,0.014273854764059254,0.06495786657089044,0.0334096079461845,0.01928904614124948,0.03437411795304021,0.005101409236460704,0.002945299995917031,0.04478605796402719,0.006769146362009682,0.003908168474290266,0.04047158332475001,0.015741802058176213,0.009088533655817842,0.052880947719763816,0.023314004722545318,0.013460346902449747,0.009538683378510923,0.0018874787855416783,0.001089736384922196,0.0030404699306662655,0.00011199056612259324,6.46577834975778e-05,0.007110823866992594,0.001827369003774968,0.001055031986238256,8.216969140360428,1.754962370593453,1.013227997079794,4.7623574294650775,0.7170536418925677,0.4139911131700755,1.905676913027463,0.18108417538351632,0.10454899740365456,32.666666666666664,11.846237095944574,6.839428176227731,276.0,17.52141546793523,10.115993936995679,0.0038754265682686977,0.00010922951482678783,6.306368978869818e-05,-0.022390737137285923,0.008256986401905444,0.004767173321835187,-0.007748227272055708,0.00015385395074210686,8.882761987684283e-05,0.0986894134882534,0.03833866537057958,0.022134838772075106
RZDT2_VC,GPR-KG,vepm,combined,mid_t1,3,0.004878732543259286,0.0003994437481518363,0.00023061895552157577,382.6666666666667,3.214550253664318,1.855921454276674,162.0,79.73079706111058,46.03259714593562,0.0,0.0,0.0,0.0,0.0,0.0,162.0,79.73079706111058,46.03259714593562,0.0,0.0,0.0,220.66666666666666,82.81505499203229,47.8132942926035,0.0,0.0,0.0,0.0,0.0,0.0,0.0,0.0,0.0,0.424486817144304,0.21229929565595965,0.12257105549573626,0.0,0.0,0.0,0.009928088596077847,0.0001651471425708449,9.534774721917481e-05,0.0595791581785157,0.028702747226880168,0.01657153883792105,0.015245295636267309,0.04794797933381981,0.02768277877547948,0.058887824373902636,0.025518917444222328,0.014733353855849599,0.07434199094407268,0.035929408024033285,0.02074385339449952,0.05347681016947544,0.02819395810096409,0.01627778929911265,0.06896028188354804,0.0374359092373788,0.02161363227555905,0.04557729326187345,0.0028245571353068587,0.0016307588224108932,0.06623666875712338,0.006371651815704639,0.0036786748909796415,0.03963301020805071,0.020003598599699197,0.011549083036297553,0.052614060274544815,0.030063667987317074,0.017357266805305048,0.012557781065518284,0.004421975148098581,0.002553028542104551,0.012456872122224781,0.00014940880023815806,8.626121103679959e-05,0.00704714403819472,0.0027735350107626617,0.0016013011850706744,1.0221379680651694,0.346390222106851,0.1999884879780447,0.7897860283728516,0.20624706555314434,0.11907679881667828,0.5755848565477174,0.1398152444527307,0.0807223690215974,162.0,79.73079706111058,46.03259714593562,0.0,0.0,0.0,0.010101268712027031,0.00010807501199137297,6.239713726589122e-05,-0.03762774864808522,0.015843641777294807,0.009147330845065159,0.0,0.0,0.0,0.0,0.0,0.0
RZDT2_VC,GPR-KG,vepm,combined,near_true_boundary,3,0.004878732543259286,0.0003994437481518363,0.00023061895552157577,303.3333333333333,5.131601439446884,2.96273147243853,129.66666666666666,12.701705922171765,7.333333333333333,159.33333333333334,8.020806277010642,4.630814663149935,62.0,6.244997998398398,3.6055512754639896,67.66666666666667,12.503332889007368,7.218802609235905,97.33333333333333,13.428824718989123,7.753135566408671,76.33333333333333,6.350852961085883,3.6666666666666665,0.4804823865439543,0.05652119564287877,0.03263252751933556,0.3908283598366182,0.057286229992474305,0.03307422030701385,0.42951232179955584,0.047788629464548406,0.027590778085560305,0.4679265395149064,0.06516653383563245,0.037623915852157255,0.6091716401633819,0.05728622999247434,0.033074220307013874,0.002600055143631109,0.0001485296413452642,8.575362841332686e-05,0.05080938876199348,0.02139120932328354,0.012350220461089386,0.018447215200606718,0.015563130422614844,0.008985377538929935,0.051013987417239594,0.021342124483600903,0.012321881315685485,0.06562790318379468,0.029029250934614,0.01676004584147259,0.05200401474609132,0.026222257577195977,0.015139427470953802,0.06642726335527062,0.03566534236784991,0.020591395016818313,0.047857126228749075,0.00366196760436329,0.0021142379821428347,0.0945390387383278,0.006022616015805188,0.0034771589779508767,0.03770464966751238,0.021358082205644627,0.012331094510803081,0.04869466247685611,0.02897186411433031,0.016726913545333864,0.007683653372304651,0.00044955354295599434,0.00025954985904079334,0.005145494676135638,8.841378970053516e-05,5.104572528367894e-05,0.004915836815944698,0.0007779208220420784,0.00044913279601420896,1.5988269429972333,0.1346646459103718,0.07774866956667881,1.3819509550559175,0.09260964675893699,0.053468204485828424,0.6487920341913961,0.09354515031921415,0.0540083177181823,67.66666666666667,12.503332889007368,7.218802609235905,97.33333333333333,13.428824718989123,7.753135566408671,0.002679273765880916,0.0005421284284272634,0.00031299799408782933,-0.037852049627422966,0.010518898562723372,0.006073088916766707,-0.002439800664306164,7.784789865893942e-05,4.4945505246585384e-05,0.058100136596532514,0.03067221886679246,0.017708613819385745
RZDT2_VC,GPR-KG,vepm,combined,tn,3,0.004878732543259286,0.0003994437481518363,0.00023061895552157577,318.3333333333333,97.32591295915664,56.19114204609517,0.0,0.0,0.0,0.0,0.0,0.0,0.0,0.0,0.0,0.0,0.0,0.0,0.0,0.0,0.0,318.3333333333333,97.32591295915664,56.19114204609517,0.0,0.0,0.0,0.0,0.0,0.0,0.0,0.0,0.0,0.0,0.0,0.0,0.0,0.0,0.0,0.007792695443329482,0.0006395135635701813,0.000369223328077661,0.06479577733900933,0.03553782800217266,0.020517774563469007,0.05700308189567984,0.03490893975542284,0.020154685764917808,0.05795409142240409,0.034527129387765906,0.019934247446371685,0.07443195441650328,0.04454039112659422,0.025715406806750392,0.05745645715994454,0.03595314512559459,0.02075755801647572,0.07277338048767638,0.04490928872802912,0.02592838993624224,0.046179079743420955,0.012453255969623678,0.007189890686349545,0.06808006668255709,0.025515499872791513,0.014731380720064044,0.044107447333452954,0.023550271538599482,0.013596755612299194,0.05732946165710859,0.033680389152973604,0.019445381743880663,0.01424186435574413,0.0037121148511425573,0.002143190508569963,0.010699387509475794,0.0005315591731862361,0.0003068958317292883,0.006925128179414097,0.003650333071208577,0.0021075207812940653,1.3803774716070736,0.2525599850371865,0.1458155753477475,1.3804182895957444,0.3730910291396076,0.21540420610598698,0.5179550776331799,0.10564856955400609,0.06099623007150432,0.0,0.0,0.0,0.0,0.0,0.0,0.0,0.0,0.0,0.0,0.0,0.0,0.0,0.0,0.0,0.0,0.0,0.0
RZDT2_VC,GPR-KG,vepm,combined,tp,3,0.004878732543259286,0.0003994437481518363,0.00023061895552157577,110.33333333333333,23.28805129961142,13.44536268673247,110.33333333333333,23.28805129961142,13.44536268673247,110.33333333333333,23.28805129961142,13.44536268673247,110.33333333333333,23.28805129961142,13.44536268673247,0.0,0.0,0.0,0.0,0.0,0.0,0.0,0.0,0.0,1.0,0.0,0.0,1.0,0.0,0.0,1.0,0.0,0.0,0.0,0.0,0.0,0.0,0.0,0.0,0.0046833891421790225,0.001198920170298863,0.0006921968830589205,0.03242882377658115,0.010242658023070221,0.005913601366836873,-0.027745434634402127,0.009249801359363827,0.005340375304779273,0.028971336795836522,0.009269554342679075,0.005351779695013629,0.03872501076118245,0.011116817626414817,0.006418297649142571,0.03965551147908456,0.008333312488528649,0.004811240208493286,0.04815701425040803,0.011050591036812751,0.006380061709808308,0.05381445591465459,0.01999807900320578,0.011545896295776261,0.09936209597734787,0.05405773626085472,0.031210248581986268,0.047694498839076616,0.01858177682603822,0.010728193852534719,0.05495208796824855,0.018652003795111005,0.010768739412033261,0.00400331270190805,0.00037160444089860006,0.00021454592398486715,0.00275344226797327,0.00043420971170069053,0.0002506910939351435,0.0022061381928769465,0.0005643423582296457,0.00032582321243899417,2.131309030328092,0.8579094563670029,0.49531425557381464,1.523251410140312,0.5032978234976172,0.29057913387890205,0.8121656627060077,0.2790382005772749,0.16110278021747845,0.0,0.0,0.0,0.0,0.0,0.0,0.0,0.0,0.0,0.0,0.0,0.0,0.0,0.0,0.0,0.0,0.0,0.0
RZDT2_VC,GPR-KG,vepm,random,all,3,0.004878732543259286,0.0003994437481518363,0.00023061895552157577,1000.0,0.0,0.0,313.0,52.73518749374084,30.44667469527666,505.0,15.394804318340652,8.888194417315589,99.0,27.730849247724095,16.010413278030438,214.0,74.18220810949214,42.829117821096126,406.0,29.0516780926679,16.772994167212165,281.0,80.98765338000602,46.75824347998258,0.32853752158296234,0.1338935794389777,0.07730349413185632,0.19593323095851356,0.053651037269268544,0.03097544080971484,0.2446859795518799,0.07943597462647799,0.04586238133393735,0.4337422674531611,0.15804965413579017,0.0912500103606257,0.8040667690414866,0.05365103726926851,0.03097544080971482,0.007712274636528763,8.289978051383554e-05,4.786221059542384e-05,0.0617576228196092,0.017502543421297437,0.010105098155789189,0.038285023642481125,0.011050111146730438,0.006379784645140103,0.06441795234120816,0.017454766884136417,0.010077514359198327,0.08130581825210678,0.023356193863643418,0.013484704814419613,0.044190692029470964,0.020175896520898805,0.01164855928748296,0.056227131554707245,0.02692800868331097,0.01554689306205017,0.03521994911984557,0.0024447056137314902,0.0014114514441772653,0.045206890724053844,0.005005445907207452,0.0028898955419403333,0.03648554779635883,0.01235019343457897,0.007130387503998118,0.0459735981802662,0.015918386804751706,0.009190484906787985,0.009137156849466798,0.001568506443803645,0.0009055776175556971,0.006207806551462571,0.00010980259491576241,6.339455773233487e-05,0.0062745175462890585,0.001259164331185011,0.0007269788655636412,4.269475196621087,0.5148526609200225,0.29725032237517013,1.7178443653915527,0.306326543522011,0.17685771236236067,1.3620516145055108,0.10380227182025793,0.05993026957792062,214.0,74.18220810949214,42.829117821096126,406.0,29.0516780926679,16.772994167212165,0.007586117503869903,0.0006815377717703531,0.00039348601599451113,-0.03719619023462503,0.013383183105303604,0.007726784368461088,-0.008221719111057785,0.0001721422596117007,9.938637992572585e-05,0.0796936681758012,0.027768980684230237,0.016032428473161848
RZDT2_VC,GPR-KG,vepm,random,far_true_boundary,3,0.004878732543259286,0.0003994437481518363,0.00023061895552157577,732.3333333333334,4.163331998932265,2.4037008503093262,196.0,51.39066063011839,29.670411748631558,364.3333333333333,10.214368964029708,5.897268670984711,43.666666666666664,24.78574859336174,14.310058622443789,152.33333333333334,66.72580710140069,38.52416269188873,320.6666666666667,28.919428302325297,16.696639715157595,215.66666666666666,77.15136637372882,44.54336214421978,0.24259317478255205,0.17753243792453666,0.10249840082562177,0.12019836303315652,0.06951261136040054,0.0401331248810011,0.1597620370024458,0.1010531889155897,0.058343085822885825,0.41766596458005883,0.19664761231500863,0.11353455190556741,0.8798016369668437,0.06951261136040053,0.040133124881001084,0.009581367600963763,0.000127967418145758,7.388202331395478e-05,0.06755807615632455,0.018888409259226583,0.010905228170378287,0.04760008870495041,0.013398741852276566,0.007735767215214181,0.07110223645717244,0.018961917885837943,0.010947668395740117,0.08829378525084652,0.02558054139884387,0.014768932462638875,0.04414823869623811,0.019931677413642768,0.011507559320167437,0.05619220967862165,0.026469836196819634,0.015282367053639116,0.03688222645484062,0.0018169747399332404,0.0010490308552112066,0.047325687704306625,0.004526461738239892,0.002613353903049343,0.03742903784168025,0.011995090733804331,0.006925368864115917,0.04708708961412598,0.015644416811357583,0.009032308257352007,0.009656675976493261,0.0020454382925787985,0.0011809343488311378,0.006594771251538629,0.00016555090486913853,9.558085949078326e-05,0.006713577077643147,0.001407022511183528,0.0008123448255876732,5.244776977966494,0.6741434158454814,0.38921688261080256,2.0308025396433593,0.29692886127649476,0.1714319579881533,1.5442912950472965,0.11345626061982793,0.065504002610106,152.33333333333334,66.72580710140069,38.52416269188873,320.6666666666667,28.919428302325297,16.696639715157595,0.009749359504079331,0.00010725227609476391,6.192213047451201e-05,-0.0364727770328924,0.015185891799332392,0.008767578718229087,-0.009769264881051183,6.808427689249904e-05,3.9308475591465336e-05,0.08715297777178804,0.03024715334855726,0.017463202128009423
RZDT2_VC,GPR-KG,vepm,random,fn,3,0.004878732543259286,0.0003994437481518363,0.00023061895552157577,406.0,29.0516780926679,16.772994167212165,0.0,0.0,0.0,406.0,29.0516780926679,16.772994167212165,0.0,0.0,0.0,0.0,0.0,0.0,406.0,29.0516780926679,16.772994167212165,0.0,0.0,0.0,0.0,0.0,0.0,0.0,0.0,0.0,0.0,0.0,0.0,0.0,0.0,0.0,1.0,0.0,0.0,0.008221719111057785,0.0001721422596117007,9.938637992572585e-05,0.0796936681758012,0.027768980684230237,0.016032428473161848,0.08791538728685899,0.027663958757198695,0.015971794035319373,0.08791538728685899,0.027663958757198695,0.015971794035319373,0.10244708234131954,0.03214715535911234,0.018560168800264232,0.04500535348206517,0.02034526394685831,0.011746343616452633,0.05659562791767361,0.02654782193458374,0.015327392140330175,0.03760054883180909,0.003066218813721855,0.001770282257496608,0.04928657365359667,0.005297915253808745,0.0030587527979303035,0.035417683839683765,0.010259783050145334,0.0059234885058285685,0.0452281863525267,0.013872226353167101,0.008009133619260447,0.007346092247186066,0.0011364350053450836,0.0006561210562524978,0.0015000529016855058,6.904251141883948e-05,3.986171255319479e-05,0.006565848198601174,0.0013803977626239703,0.0007969730198397065,8.547249077676426,1.1040170120783634,0.6374045191133695,6.660204081847934,0.4386833001944369,0.25327392145625155,1.9978891198382076,0.10272575512111308,0.05930874237188222,0.0,0.0,0.0,406.0,29.0516780926679,16.772994167212165,0.0,0.0,0.0,0.0,0.0,0.0,-0.008221719111057785,0.0001721422596117007,9.938637992572585e-05,0.0796936681758012,0.027768980684230237,0.016032428473161848
RZDT2_VC,GPR-KG,vepm,random,fp,3,0.004878732543259286,0.0003994437481518363,0.00023061895552157577,214.0,74.18220810949214,42.829117821096126,214.0,74.18220810949214,42.829117821096126,0.0,0.0,0.0,0.0,0.0,0.0,214.0,74.18220810949214,42.829117821096126,0.0,0.0,0.0,0.0,0.0,0.0,0.0,0.0,0.0,0.0,0.0,0.0,0.0,0.0,0.0,1.0,0.0,0.0,0.0,0.0,0.0,0.007586117503869903,0.0006815377717703531,0.00039348601599451113,0.03719619023462503,0.013383183105303604,0.007726784368461088,-0.04478230773849493,0.01362642667420519,0.007867221108445064,0.04478230773849493,0.01362642667420519,0.007867221108445064,0.05255098043573228,0.01643976452807039,0.009491502475695501,0.037326993989039124,0.007698730336995732,0.004444864032482824,0.046407697708757405,0.009152575016174024,0.005284241649366316,0.03017643737805675,0.0027373894602621502,0.0015804325417591969,0.037513595627575225,0.0010649978154785914,0.0006148767754529282,0.02799082535666328,0.009741948066921014,0.005624516338868202,0.035203318173774166,0.012539310674237194,0.007239574393223192,0.007448610749651685,0.000884171642983966,0.0005104767360866265,0.010572229809638992,0.0005238581057226345,0.0003024496183561305,0.0044688984100473145,0.0012604330649550323,0.000727711369347293,0.74496423604944,0.12719972708941202,0.07343879667591896,0.6281834697327247,0.11138842520694045,0.06431013727783556,0.5069407294081325,0.20284006312059688,0.1171097650451173,214.0,74.18220810949214,42.829117821096126,0.0,0.0,0.0,0.007586117503869903,0.0006815377717703531,0.00039348601599451113,-0.03719619023462503,0.013383183105303604,0.007726784368461088,0.0,0.0,0.0,0.0,0.0,0.0
RZDT2_VC,GPR-KG,vepm,random,high_t1,3,0.004878732543259286,0.0003994437481518363,0.00023061895552157577,327.0,10.44030650891055,6.027713773341709,132.33333333333334,21.07921567168317,12.170090842352456,251.66666666666666,3.0550504633038935,1.763834207376394,90.33333333333333,23.43786110832926,13.531855420122959,42.0,18.520259177452136,10.692676621563628,161.33333333333334,25.482019804821856,14.712050993809275,33.333333333333336,17.473789896108208,10.088497300281038,0.681774159216688,0.1223031888305848,0.07061177899408777,0.3594544100940909,0.0965659247039174,0.05575236262235184,0.4688696346014705,0.10828746448555575,0.06251979677059766,0.5547036631373982,0.22818235363578376,0.13174114329594214,0.640545589905909,0.0965659247039174,0.05575236262235184,0.006601070970782426,0.00014721285052531123,8.499337887896059e-05,0.051647132021670754,0.008420859644709506,0.0048617855826810896,0.025379850621001596,0.00503606822195714,0.0029075753436042747,0.054977872753362515,0.007769988975397539,0.004486005226546194,0.06877898491838397,0.01115577515868834,0.006440789790887654,0.043039039134209284,0.015303988593008707,0.00883576193384854,0.05395515600191567,0.020796453702029948,0.01200683814305658,0.03800032854055578,0.007520605539579354,0.004342023632745131,0.04901889727065909,0.010775047250513769,0.006220976430615061,0.03672551568846186,0.015493953142304442,0.008945438017520919,0.0458646627991403,0.018898052647462225,0.010910795783172035,0.0051153331283764385,0.00124412428293156,0.0007182954896558863,0.002986539297638839,0.00010224934015172626,5.903368406106077e-05,0.004148501660808388,0.0017110294744930776,0.0009878633276899623,3.4356308759260465,0.2850090321950693,0.16455004145929797,2.3498463086360215,0.4810052735588653,0.27770852417084047,1.2476516851004877,0.05241509552664866,0.030261869511910552,42.0,18.520259177452136,10.692676621563628,161.33333333333334,25.482019804821856,14.712050993809275,0.0024564285023563155,0.0010421227795771699,0.0006016698673175201,-0.04423984664831319,0.012181384580398495,0.007032925666595428,-0.008941547784647466,0.0002667046443178915,0.00015398199819105805,0.056723253995567435,0.012110012517540767,0.0069917189868919
RZDT2_VC,GPR-KG,vepm,random,low_t1,3,0.004878732543259286,0.0003994437481518363,0.00023061895552157577,335.3333333333333,12.503332889007368,7.218802609235905,39.666666666666664,18.0092568789868,10.39764930698815,253.33333333333334,14.224392195567914,8.212456663169947,8.666666666666666,6.8068592855540455,3.9299420408505323,31.0,11.269427669584644,6.506407098647712,244.66666666666666,18.036999011291577,10.413666234542207,51.0,2.6457513110645907,1.5275252316519468,0.18367633828160143,0.11524248257605361,0.06653527833736532,0.034687312441559925,0.027004165164504875,0.015590862026968005,0.05800959026043012,0.044540038362753206,0.025715203138451825,0.37068357998590556,0.10451805303043786,0.06034352605229888,0.96531268755844,0.027004165164504865,0.015590862026968,0.006563460152979923,9.05816937246178e-05,5.229736525556032e-05,0.0785802543042896,0.033654516923698495,0.019430444405344142,0.07821796038601059,0.03555204588755853,0.020525983263423846,0.0840646086757932,0.033698120731510815,0.01945561907552228,0.10134103459400005,0.03756380426884639,0.021687472506404876,0.043502238138509196,0.020843313106069083,0.01203389243259264,0.05509659295652466,0.027457290420980277,0.015852474015770696,0.03269648913777107,0.002925515473094382,0.0016890471459094568,0.041880848615773424,0.004232463438794092,0.002443613905723018,0.037357038113378045,0.00927071420284527,0.0053524493405928035,0.04686227531077224,0.012208237595844964,0.007048429262292,0.00968932271642979,0.0018869217187767085,0.001089414762275484,0.0030509069981583723,0.0001513518169112143,8.738301223602853e-05,0.00718705234679221,0.0018568148687852408,0.0010720325643284584,8.352258387703662,1.8164630031602365,1.0487354038475587,5.002852594096855,1.1336019803056445,0.6544854084833568,1.921709030673175,0.18595134975529445,0.10735906183739351,31.0,11.269427669584644,6.506407098647712,244.66666666666666,18.036999011291577,10.413666234542207,0.003849480729620963,0.00014821734665507476,8.557332498987949e-05,-0.02180886785814971,0.007762146408925287,0.004481477318682301,-0.007741997865929375,0.00015038298342787943,8.682365596362522e-05,0.0941774497968672,0.03765027682296959,0.021737397458805423
RZDT2_VC,GPR-KG,vepm,random,mid_t1,3,0.004878732543259286,0.0003994437481518363,0.00023061895552157577,337.6666666666667,5.033222956847167,2.905932629027116,141.0,66.64082832618455,38.47510017314229,0.0,0.0,0.0,0.0,0.0,0.0,141.0,66.64082832618455,38.47510017314229,0.0,0.0,0.0,196.66666666666666,69.08207678792911,39.884555629689274,0.0,0.0,0.0,0.0,0.0,0.0,0.0,0.0,0.0,0.41853957841361705,0.20197575346667457,0.11661075563376205,0.0,0.0,0.0,0.009931637058435257,0.0001981020246660747,0.00011437425726796812,0.054624575019568855,0.020185968716172613,0.011654374472135623,0.010530467697951096,0.040163616962481066,0.023188475064917464,0.053820040439412443,0.017454700844480694,0.010077476231185318,0.0665756781286868,0.02368469372448968,0.013674364297507957,0.0458871899074906,0.024140598953576384,0.013937581304246124,0.059095610755985774,0.031772372955540806,0.01834378807867467,0.034896923266520795,0.0010802133462900854,0.0006236614662628073,0.04373121235484897,0.004202778341562247,0.0024264752068452926,0.03551036149245648,0.012491526437660933,0.007211986151372867,0.04499934234512817,0.01724457619473965,0.00995616070809395,0.012473450329789665,0.004516295451986822,0.0026074843949444745,0.012460104266608617,0.00017881524411546946,0.00010323902932527495,0.0066399413105485555,0.002361089040536264,0.0013631753931342872,1.0165602084413219,0.3523415401673477,0.20342448306230554,1.0154819620780975,0.6558631822147716,0.378662784803263,0.5520723408820888,0.1295551770541223,0.07479871634710715,141.0,66.64082832618455,38.47510017314229,0.0,0.0,0.0,0.010131043390451297,0.00016772907497351492,9.683842658688577e-05,-0.037447033982640716,0.015553887757182,0.008980041283554252,0.0,0.0,0.0,0.0,0.0,0.0
RZDT2_VC,GPR-KG,vepm,random,near_true_boundary,3,0.004878732543259286,0.0003994437481518363,0.00023061895552157577,267.6666666666667,4.163331998932266,2.4037008503093267,117.0,3.605551275463989,2.0816659994661326,140.66666666666666,9.073771725877465,5.23874454850057,55.333333333333336,5.507570547286102,3.1797973380564857,61.666666666666664,7.505553499465135,4.333333333333334,85.33333333333333,10.785793124908958,6.227180564089802,65.33333333333333,5.033222956847166,2.9059326290271157,0.47357048814225955,0.054099590855138185,0.03123441334326265,0.3945972228335603,0.048853368863475514,0.028205505664147673,0.42981871691156687,0.04618542080931439,0.02666516513689381,0.48486023020906743,0.0444269610907465,0.025649917945019526,0.6054027771664398,0.04885336886347549,0.028205505664147656,0.0025980182496573574,0.00016132016489797947,9.313824062956327e-05,0.045945693529914365,0.01439306185462503,0.008309838136230697,0.012831374206243409,0.005405186383632069,0.003120685813610075,0.046189388093420956,0.01444597712585134,0.008340388782317448,0.057935887020363175,0.017467231489587086,0.010084710802510612,0.044314356573941456,0.02085691322894759,0.012041744467197558,0.056310185629770436,0.02817656679021338,0.016267748421169168,0.03069151845634421,0.004151810152320932,0.0023970487090667113,0.03875357469799741,0.0068051217141249535,0.00392893885351821,0.03392051387454372,0.013987486737461533,0.008075679233159737,0.04260976121840523,0.01740775036708517,0.010050369360422431,0.007712774187529469,0.00041960155367690524,0.00024225706996774645,0.005148312552069525,7.9828893944164e-05,4.608923340777317e-05,0.004876384189412779,0.0007800600504329223,0.00045036788010152076,1.6065144973698795,0.13601184030359148,0.07852647261225494,1.3819509550559175,0.09260964675893699,0.053468204485828424,0.636423224054178,0.09960739220412784,0.057508354702329845,61.666666666666664,7.505553499465135,4.333333333333334,85.33333333333333,10.785793124908958,6.227180564089802,0.0027178915195036706,0.0005652714956879624,0.0003263596502006675,-0.037279253288158905,0.010280826866616105,0.0059356381589327455,-0.002431633198077048,0.0001419403451759476,8.194929649620175e-05,0.05151416749582143,0.023188487377080787,0.013387879429257833
RZDT2_VC,GPR-KG,vepm,random,tn,3,0.004878732543259286,0.0003994437481518363,0.00023061895552157577,281.0,80.98765338000602,46.75824347998258,0.0,0.0,0.0,0.0,0.0,0.0,0.0,0.0,0.0,0.0,0.0,0.0,0.0,0.0,0.0,281.0,80.98765338000602,46.75824347998258,0.0,0.0,0.0,0.0,0.0,0.0,0.0,0.0,0.0,0.0,0.0,0.0,0.0,0.0,0.0,0.007858253919911016,0.0006275434744214465,0.0003623123938854152,0.05834017956664387,0.024271998178875046,0.014013444682343616,0.050481925646732866,0.023646030216560324,0.013652041910797129,0.051421379155147225,0.023246132857793127,0.013421161063064667,0.06504360390249958,0.02906851773708159,0.016782716540447468,0.04916786352949883,0.02932302699252577,0.016929657527589417,0.06233222434372815,0.03725058519764433,0.021506635391331044,0.036481802023742294,0.005085290760408366,0.002935993989429287,0.04548072666639247,0.00740172034518097,0.004273385233756563,0.0381653820143955,0.013375697017381678,0.007722462273584187,0.04791049309169959,0.01810776921167311,0.010454525428783088,0.014151702509809875,0.003906748630154281,0.002255562373275776,0.010753625067631703,0.0005190280944616913,0.000299661010054436,0.006571093770069688,0.003404207004133426,0.001965419830213643,1.368187474276432,0.2727977001573492,0.1574998256201564,1.3672750497619184,0.39133007082890126,0.22593452173506148,0.5142186114343296,0.10198786391987495,0.05888272068821473,0.0,0.0,0.0,0.0,0.0,0.0,0.0,0.0,0.0,0.0,0.0,0.0,0.0,0.0,0.0,0.0,0.0,0.0
RZDT2_VC,GPR-KG,vepm,random,tp,3,0.004878732543259286,0.0003994437481518363,0.00023061895552157577,99.0,27.730849247724095,16.010413278030438,99.0,27.730849247724095,16.010413278030438,99.0,27.730849247724095,16.010413278030438,99.0,27.730849247724095,16.010413278030438,0.0,0.0,0.0,0.0,0.0,0.0,0.0,0.0,0.0,1.0,0.0,0.0,1.0,0.0,0.0,1.0,0.0,0.0,0.0,0.0,0.0,0.0,0.0,0.0,0.004645179566789256,0.0011516888650689437,0.0006649278762702492,0.03293746922586422,0.011279534392551385,0.0065122422178731845,-0.02829228965907497,0.010310305663684438,0.005952657750355534,0.02956534493671566,0.010261184621589581,0.0059242977034791935,0.03904430564471145,0.012582404531847642,0.007264454643515004,0.03779034736829987,0.01125398872934109,0.006497493422342094,0.045235118337128816,0.014961669202953148,0.008638123741851134,0.031659110376803086,0.005073113978228068,0.0029289637209596285,0.04043799234802898,0.008518786295733416,0.004918323561010583,0.05031551222033501,0.017996142961151113,0.010390077982995585,0.057249976779637356,0.01796230501289421,0.010370541634460637,0.004158093537738117,0.0004564929708443618,0.00026355633960016426,0.0027662226050608574,0.00041865883873884,0.00024171279324448542,0.002283003121322641,0.0005619754073867883,0.00032445665273271183,2.21686865407587,0.8430019703227997,0.48670741449325333,1.6201515285330965,0.5506446314341084,0.31791482618630473,0.8297261760916631,0.27874564371017535,0.16093387243150525,0.0,0.0,0.0,0.0,0.0,0.0,0.0,0.0,0.0,0.0,0.0,0.0,0.0,0.0,0.0,0.0,0.0,0.0
