problem,rep,seed,method,method_base,variance_mode,pool,kappa,sample_hv_final,sample_igd_final,sample_cvr_final,sample_n_pareto_solutions,candidate_pool_size,posterior_feasible_count,true_feasible_count,posterior_nd_count,hv_final,igd_final,cvr_final,n_pareto_solutions,tpos_hits,feas_precision,feas_recall,feas_f1
RZDT2_VC,0,1000,GPR-KG-oracleV,GPR-KG,oracle,common_generic,0.5,0.75,0.5299916736623097,0.0,2,2768,2586,1888,15,1.1587124322948958,0.3019620864807805,0.4,5,1,0.6597061098221191,0.9036016949152542,0.7626285203397407
RZDT2_VC,0,1000,GPR-KG-oracleV,GPR-KG,oracle,common_generic,0.75,0.75,0.5299916736623097,0.0,2,2768,2394,1888,16,1.1587124322948958,0.3019620864807805,0.4,5,1,0.6687552213868003,0.8479872881355932,0.747781410555815
RZDT2_VC,0,1000,GPR-KG-oracleV,GPR-KG,oracle,common_generic,1.0,0.75,0.5299916736623097,0.0,2,2768,1660,1888,14,0.8225,0.3656825480012647,0.0,3,1,0.8457831325301205,0.7436440677966102,0.7914317925591883
RZDT2_VC,0,1000,GPR-KG-oracleV,GPR-KG,oracle,common_generic,1.25,0.75,0.5299916736623097,0.0,2,2768,1008,1888,12,0.8225,0.3656825480012647,0.0,3,1,0.998015873015873,0.5328389830508474,0.6947513812154696
RZDT2_VC,0,1000,GPR-KG-oracleV,GPR-KG,oracle,common_generic,1.5,0.75,0.5299916736623097,0.0,2,2768,592,1888,9,0.799568275862069,0.3752544768281034,0.0,3,1,1.0,0.3135593220338983,0.4774193548387097
RZDT2_VC,0,1000,GPR-KG-oracleV,GPR-KG,oracle,common_generic,2.0,0.75,0.5299916736623097,0.0,2,2768,23,1888,3,0.0,1.5295395998318055,0.0,3,0,1.0,0.012182203389830509,0.024071166928309788
RZDT2_VC,0,1000,GPR-KG-oracleV,GPR-KG,oracle,common_axis,0.5,0.75,0.5299916736623097,0.0,2,2867,2685,1938,61,1.536759,0.06519064903402542,0.5102040816326531,49,24,0.6540037243947858,0.9060887512899897,0.7596798615617564
RZDT2_VC,0,1000,GPR-KG-oracleV,GPR-KG,oracle,common_axis,0.75,0.75,0.5299916736623097,0.0,2,2867,2493,1938,62,1.536759,0.06519064903402542,0.5102040816326531,49,24,0.6622543120738067,0.8519091847265222,0.7452042428345746
RZDT2_VC,0,1000,GPR-KG-oracleV,GPR-KG,oracle,common_axis,1.0,0.75,0.5299916736623097,0.0,2,2867,1740,1938,52,1.506974,0.06519064903402542,0.38461538461538464,39,24,0.835632183908046,0.7502579979360166,0.7906470908102229
RZDT2_VC,0,1000,GPR-KG-oracleV,GPR-KG,oracle,common_axis,1.25,0.75,0.5299916736623097,0.0,2,2867,1062,1938,37,1.450164,0.06519064903402542,0.07692307692307693,26,24,0.9943502824858758,0.544891640866873,0.704
RZDT2_VC,0,1000,GPR-KG-oracleV,GPR-KG,oracle,common_axis,1.5,0.75,0.5299916736623097,0.0,2,2867,631,1938,27,1.404783,0.06597681268682773,0.0,20,19,1.0,0.325593395252838,0.49124172829894897
RZDT2_VC,0,1000,GPR-KG-oracleV,GPR-KG,oracle,common_axis,2.0,0.75,0.5299916736623097,0.0,2,2867,29,1938,5,1.2288540000000001,0.10286166472778296,0.0,5,4,1.0,0.014963880288957688,0.029486527707168274
RZDT2_VC,0,1000,GPR-KG-pooled-pre,GPR-KG,pooled_pre,common_generic,0.5,0.0,1.6025159927726806,0.5714285714285714,7,2768,1939,1888,15,0.7183093149354827,0.5340823292113744,0.625,8,0,0.5461578133058278,0.5609110169491526,0.5534361118369481
RZDT2_VC,0,1000,GPR-KG-pooled-pre,GPR-KG,pooled_pre,common_generic,0.75,0.0,1.6025159927726806,0.5714285714285714,7,2768,1643,1888,22,0.7183093149354827,0.5340823292113744,0.4166666666666667,12,0,0.46439440048691416,0.4041313559322034,0.432172189181535
RZDT2_VC,0,1000,GPR-KG-pooled-pre,GPR-KG,pooled_pre,common_generic,1.0,0.0,1.6025159927726806,0.5714285714285714,7,2768,1350,1888,19,0.7183093149354827,0.5340823292113744,0.5,10,0,0.34814814814814815,0.2489406779661017,0.29030265596046945
RZDT2_VC,0,1000,GPR-KG-pooled-pre,GPR-KG,pooled_pre,common_generic,1.25,0.0,1.6025159927726806,0.5714285714285714,7,2768,1113,1888,16,0.7183093149354827,0.5340823292113744,0.45454545454545453,11,0,0.21114106019766396,0.12447033898305085,0.15661446184605132
RZDT2_VC,0,1000,GPR-KG-pooled-pre,GPR-KG,pooled_pre,common_generic,1.5,0.0,1.6025159927726806,0.5714285714285714,7,2768,891,1888,15,0.7183093149354827,0.5340823292113744,0.625,8,0,0.07631874298540965,0.036016949152542374,0.04893846707448723
RZDT2_VC,0,1000,GPR-KG-pooled-pre,GPR-KG,pooled_pre,common_generic,2.0,0.0,1.6025159927726806,0.5714285714285714,7,2768,68,1888,8,0.7183093149354827,0.5340823292113744,1.0,7,0,0.0,0.0,0.0
RZDT2_VC,0,1000,GPR-KG-pooled-pre,GPR-KG,pooled_pre,common_axis,0.5,0.0,1.6025159927726806,0.5714285714285714,7,2867,2036,1938,77,1.538057,0.043467893405685055,0.6323529411764706,68,25,0.543713163064833,0.5712074303405573,0.5571212883744339
RZDT2_VC,0,1000,GPR-KG-pooled-pre,GPR-KG,pooled_pre,common_axis,0.75,0.0,1.6025159927726806,0.5714285714285714,7,2867,1732,1938,78,1.481137,0.036869155418625225,0.6911764705882353,68,21,0.4636258660508083,0.41434468524251805,0.43760217983651223
RZDT2_VC,0,1000,GPR-KG-pooled-pre,GPR-KG,pooled_pre,common_axis,1.0,0.0,1.6025159927726806,0.5714285714285714,7,2867,1431,1938,76,1.422041,0.04305677235163509,0.7205882352941176,68,19,0.35080363382250174,0.2590299277605779,0.29801127931136834
RZDT2_VC,0,1000,GPR-KG-pooled-pre,GPR-KG,pooled_pre,common_axis,1.25,0.0,1.6025159927726806,0.5714285714285714,7,2867,1184,1938,74,1.344526,0.07193083829568012,0.7205882352941176,68,19,0.2170608108108108,0.13261093911248711,0.16463805253042924
RZDT2_VC,0,1000,GPR-KG-pooled-pre,GPR-KG,pooled_pre,common_axis,1.5,0.0,1.6025159927726806,0.5714285714285714,7,2867,951,1938,70,1.25188,0.1303217209644369,0.8166666666666667,60,11,0.08307045215562565,0.04076367389060888,0.054690204222914506
RZDT2_VC,0,1000,GPR-KG-pooled-pre,GPR-KG,pooled_pre,common_axis,2.0,0.0,1.6025159927726806,0.5714285714285714,7,2867,93,1938,29,0.9582280000000001,0.37354894090445523,1.0,25,0,0.0,0.0,0.0
RZDT2_VC,0,1000,GPR-KG,GPR-KG,vepm,common_generic,0.5,1.1050435406698567,0.311151364672758,0.5,4,2768,1777,1888,10,1.1195996332518336,0.3163215488660266,0.4,5,1,0.5053460889138999,0.475635593220339,0.4900409276944066
RZDT2_VC,0,1000,GPR-KG,GPR-KG,vepm,common_generic,0.75,1.1050435406698567,0.311151364672758,0.5,4,2768,1379,1888,14,1.1195996332518336,0.3163215488660266,0.25,8,1,0.3828861493836113,0.2796610169491525,0.3232323232323232
RZDT2_VC,0,1000,GPR-KG,GPR-KG,vepm,common_generic,1.0,1.1050435406698567,0.311151364672758,0.5,4,2768,766,1888,5,1.1195996332518336,0.3163215488660266,0.5,4,1,0.43342036553524804,0.17584745762711865,0.25018839487565936
RZDT2_VC,0,1000,GPR-KG,GPR-KG,vepm,common_generic,1.25,1.1050435406698567,0.311151364672758,0.5,4,2768,315,1888,9,0.0,1.4704118609641674,0.8,5,0,0.6571428571428571,0.10963983050847458,0.1879255560599183
RZDT2_VC,0,1000,GPR-KG,GPR-KG,vepm,common_generic,1.5,1.1050435406698567,0.311151364672758,0.5,4,2768,187,1888,17,0.0,1.6183401468925211,0.4444444444444444,9,0,0.5401069518716578,0.05349576271186441,0.09734939759036144
RZDT2_VC,0,1000,GPR-KG,GPR-KG,vepm,common_generic,2.0,1.1050435406698567,0.311151364672758,0.5,4,2768,6,1888,5,0.0,2.6106441326084964,0.6666666666666666,3,0,0.16666666666666666,0.0005296610169491525,0.0010559662090813095
RZDT2_VC,0,1000,GPR-KG,GPR-KG,vepm,common_axis,0.5,1.1050435406698567,0.311151364672758,0.5,4,2867,1871,1938,93,1.5492489999999999,0.008682970581852491,0.5632183908045977,87,38,0.504008551576697,0.48658410732714136,0.49514308217379893
RZDT2_VC,0,1000,GPR-KG,GPR-KG,vepm,common_axis,0.75,1.1050435406698567,0.311151364672758,0.5,4,2867,1463,1938,85,1.498338,0.02854976225418709,0.6125,80,31,0.3848257006151743,0.29050567595459237,0.33107909438400474
RZDT2_VC,0,1000,GPR-KG,GPR-KG,vepm,common_axis,1.0,1.1050435406698567,0.311151364672758,0.5,4,2867,837,1938,69,1.4331519999999998,0.08210199895666112,0.6956521739130435,69,20,0.4241338112305854,0.18317853457172342,0.25585585585585585
RZDT2_VC,0,1000,GPR-KG,GPR-KG,vepm,common_axis,1.25,1.1050435406698567,0.311151364672758,0.5,4,2867,355,1938,45,1.20806,0.23846244591549315,0.525,40,19,0.6366197183098592,0.11661506707946337,0.19712167466201483
RZDT2_VC,0,1000,GPR-KG,GPR-KG,vepm,common_axis,1.5,1.1050435406698567,0.311151364672758,0.5,4,2867,206,1938,30,0.99243,0.40640165672258577,0.25,20,15,0.5631067961165048,0.05985552115583075,0.10820895522388059
RZDT2_VC,0,1000,GPR-KG,GPR-KG,vepm,common_axis,2.0,1.1050435406698567,0.311151364672758,0.5,4,2867,14,1938,12,0.8714080000000001,0.4760240553791053,0.5,8,4,0.35714285714285715,0.0025799793601651187,0.005122950819672131
RZDT2_VC,1,1001,GPR-KG-oracleV,GPR-KG,oracle,common_generic,0.5,0.8225,0.3656825480012647,0.0,2,2841,2676,1916,17,1.2527036199649735,0.20049942877901028,0.375,8,3,0.6543348281016442,0.9138830897703549,0.7626306620209059
RZDT2_VC,1,1001,GPR-KG-oracleV,GPR-KG,oracle,common_generic,0.75,0.8225,0.3656825480012647,0.0,2,2841,2614,1916,16,1.2526769999999998,0.20049942877901028,0.42857142857142855,7,3,0.6461361897475134,0.8815240083507306,0.7456953642384107
RZDT2_VC,1,1001,GPR-KG-oracleV,GPR-KG,oracle,common_generic,1.0,0.8225,0.3656825480012647,0.0,2,2841,2395,1916,12,0.94625,0.2910643076724683,0.0,3,2,0.6730688935281837,0.8413361169102297,0.7478543261424264
RZDT2_VC,1,1001,GPR-KG-oracleV,GPR-KG,oracle,common_generic,1.25,0.8225,0.3656825480012647,0.0,2,2841,1819,1916,11,0.8225,0.3656825480012647,0.0,2,1,0.7954920285871357,0.7552192066805845,0.7748326639892905
RZDT2_VC,1,1001,GPR-KG-oracleV,GPR-KG,oracle,common_generic,1.5,0.8225,0.3656825480012647,0.0,2,2841,1263,1916,5,0.0,1.3314034734005256,0.0,2,0,0.9469517022961204,0.6242171189979123,0.75243787354514
RZDT2_VC,1,1001,GPR-KG-oracleV,GPR-KG,oracle,common_generic,2.0,0.8225,0.3656825480012647,0.0,2,2841,579,1916,6,0.0,1.5365611693830297,0.0,1,0,1.0,0.30219206680584554,0.4641282565130261
RZDT2_VC,1,1001,GPR-KG-oracleV,GPR-KG,oracle,common_axis,0.5,0.8225,0.3656825480012647,0.0,2,2934,2760,1963,70,1.5341695026269702,0.04333351688065774,0.6065573770491803,61,22,0.6481884057971015,0.9113601630157921,0.7575693415202203
RZDT2_VC,1,1001,GPR-KG-oracleV,GPR-KG,oracle,common_axis,0.75,0.8225,0.3656825480012647,0.0,2,2934,2693,1963,70,1.524118,0.03962983823235439,0.6557377049180327,61,20,0.6394355737096176,0.8772287315333673,0.7396907216494846
RZDT2_VC,1,1001,GPR-KG-oracleV,GPR-KG,oracle,common_axis,1.0,0.8225,0.3656825480012647,0.0,2,2934,2422,1963,29,1.39235,0.04390545054223961,0.05,20,18,0.6763005780346821,0.8344370860927153,0.7470923603192703
RZDT2_VC,1,1001,GPR-KG-oracleV,GPR-KG,oracle,common_axis,1.25,0.8225,0.3656825480012647,0.0,2,2934,1819,1963,11,0.8225,0.3656825480012647,0.0,2,1,0.7954920285871357,0.7371370351502802,0.7652035959809625
RZDT2_VC,1,1001,GPR-KG-oracleV,GPR-KG,oracle,common_axis,1.5,0.8225,0.3656825480012647,0.0,2,2934,1263,1963,5,0.0,1.3314034734005256,0.0,2,0,0.9469517022961204,0.609271523178808,0.7414755114693119
RZDT2_VC,1,1001,GPR-KG-oracleV,GPR-KG,oracle,common_axis,2.0,0.8225,0.3656825480012647,0.0,2,2934,579,1963,6,0.0,1.5365611693830297,0.0,1,0,1.0,0.29495669893020887,0.4555468135326515
RZDT2_VC,1,1001,GPR-KG-pooled-pre,GPR-KG,pooled_pre,common_generic,0.5,0.0,1.3269384608222698,0.14285714285714285,7,2841,1875,1916,14,0.741271,0.5289569840031761,0.36363636363636365,11,0,0.5066666666666667,0.49582463465553234,0.5011870218939594
RZDT2_VC,1,1001,GPR-KG-pooled-pre,GPR-KG,pooled_pre,common_generic,0.75,0.0,1.3269384608222698,0.14285714285714285,7,2841,1518,1916,15,0.741271,0.5289569840031761,0.3333333333333333,12,0,0.3906455862977602,0.3094989561586639,0.34536983110075714
RZDT2_VC,1,1001,GPR-KG-pooled-pre,GPR-KG,pooled_pre,common_generic,1.0,0.0,1.3269384608222698,0.14285714285714285,7,2841,1272,1916,23,0.741271,0.5289569840031761,0.2,20,0,0.27437106918238996,0.18215031315240082,0.21894604767879547
RZDT2_VC,1,1001,GPR-KG-pooled-pre,GPR-KG,pooled_pre,common_generic,1.25,0.0,1.3269384608222698,0.14285714285714285,7,2841,923,1916,10,0.0,1.3045931739223882,0.625,8,0,0.10725893824485373,0.05167014613778706,0.06974286720676294
RZDT2_VC,1,1001,GPR-KG-pooled-pre,GPR-KG,pooled_pre,common_generic,1.5,0.0,1.3269384608222698,0.14285714285714285,7,2841,478,1916,17,0.0,2.144433404867265,1.0,11,0,0.008368200836820083,0.0020876826722338203,0.003341687552213868
RZDT2_VC,1,1001,GPR-KG-pooled-pre,GPR-KG,pooled_pre,common_generic,2.0,0.0,1.3269384608222698,0.14285714285714285,7,2841,0,1916,0,0.0,inf,0.0,0,0,0.0,0.0,0.0
RZDT2_VC,1,1001,GPR-KG-pooled-pre,GPR-KG,pooled_pre,common_axis,0.5,0.0,1.3269384608222698,0.14285714285714285,7,2934,1934,1963,71,1.250724,0.13128498228900695,0.7058823529411765,68,13,0.49793174767321613,0.4905756495160469,0.4942263279445727
RZDT2_VC,1,1001,GPR-KG-pooled-pre,GPR-KG,pooled_pre,common_axis,0.75,0.0,1.3269384608222698,0.14285714285714285,7,2934,1561,1963,56,1.118372,0.2347995161031668,0.8113207547169812,53,2,0.3811659192825112,0.3031074885379521,0.3376844494892168
RZDT2_VC,1,1001,GPR-KG-pooled-pre,GPR-KG,pooled_pre,common_axis,1.0,0.0,1.3269384608222698,0.14285714285714285,7,2934,1285,1963,36,0.8668770000000001,0.4406295114989795,0.5151515151515151,33,0,0.2715953307392996,0.17778909831889964,0.21490147783251232
RZDT2_VC,1,1001,GPR-KG-pooled-pre,GPR-KG,pooled_pre,common_axis,1.25,0.0,1.3269384608222698,0.14285714285714285,7,2934,923,1963,10,0.0,1.3045931739223882,0.625,8,0,0.10725893824485373,0.05043301069791136,0.06860706860706861
RZDT2_VC,1,1001,GPR-KG-pooled-pre,GPR-KG,pooled_pre,common_axis,1.5,0.0,1.3269384608222698,0.14285714285714285,7,2934,478,1963,17,0.0,2.144433404867265,1.0,11,0,0.008368200836820083,0.0020376974019358125,0.0032773453502662844
RZDT2_VC,1,1001,GPR-KG-pooled-pre,GPR-KG,pooled_pre,common_axis,2.0,0.0,1.3269384608222698,0.14285714285714285,7,2934,0,1963,0,0.0,inf,0.0,0,0,0.0,0.0,0.0
RZDT2_VC,1,1001,GPR-KG,GPR-KG,vepm,common_generic,0.5,0.0,1.3569095145854322,0.5,6,2841,1741,1916,25,0.74135,0.5289569840031761,0.35,20,0,0.46927053417576103,0.4264091858037578,0.4468143286847142
RZDT2_VC,1,1001,GPR-KG,GPR-KG,vepm,common_generic,0.75,0.0,1.3569095145854322,0.5,6,2841,1335,1916,15,0.74135,0.5289569840031761,0.5384615384615384,13,0,0.32209737827715357,0.2244258872651357,0.2645339895416795
RZDT2_VC,1,1001,GPR-KG,GPR-KG,vepm,common_generic,1.0,0.0,1.3569095145854322,0.5,6,2841,936,1916,11,0.0,1.1128198708056225,0.36363636363636365,11,0,0.23717948717948717,0.11586638830897704,0.15568022440392706
RZDT2_VC,1,1001,GPR-KG,GPR-KG,vepm,common_generic,1.25,0.0,1.3569095145854322,0.5,6,2841,521,1916,11,0.0,1.1128198708056225,1.0,6,0,0.1381957773512476,0.037578288100208766,0.059089043906442346
RZDT2_VC,1,1001,GPR-KG,GPR-KG,vepm,common_generic,1.5,0.0,1.3569095145854322,0.5,6,2841,370,1916,11,0.0,1.1128198708056225,1.0,4,0,0.04864864864864865,0.009394572025052192,0.015748031496062992
RZDT2_VC,1,1001,GPR-KG,GPR-KG,vepm,common_generic,2.0,0.0,1.3569095145854322,0.5,6,2841,287,1916,6,0.0,1.1128198708056225,1.0,2,0,0.0,0.0,0.0
RZDT2_VC,1,1001,GPR-KG,GPR-KG,vepm,common_axis,0.5,0.0,1.3569095145854322,0.5,6,2934,1803,1963,83,1.318368,0.09259258484509715,0.6282051282051282,78,16,0.4620077648363838,0.42435048395313296,0.4423791821561338
RZDT2_VC,1,1001,GPR-KG,GPR-KG,vepm,common_axis,0.75,0.0,1.3569095145854322,0.5,6,2934,1372,1963,52,1.1196679999999999,0.24866294865762636,0.8297872340425532,47,2,0.31486880466472306,0.22007131940906777,0.25907046476761625
RZDT2_VC,1,1001,GPR-KG,GPR-KG,vepm,common_axis,1.0,0.0,1.3569095145854322,0.5,6,2934,956,1963,30,0.95597,0.39250854454440126,0.7666666666666667,30,0,0.23221757322175732,0.11309220580743759,0.15210688591983557
RZDT2_VC,1,1001,GPR-KG,GPR-KG,vepm,common_axis,1.25,0.0,1.3569095145854322,0.5,6,2934,541,1963,30,0.95597,0.39250854454440126,1.0,24,0,0.133086876155268,0.036678553234844626,0.05750798722044729
RZDT2_VC,1,1001,GPR-KG,GPR-KG,vepm,common_axis,1.5,0.0,1.3569095145854322,0.5,6,2934,390,1963,30,0.95597,0.39250854454440126,1.0,22,0,0.046153846153846156,0.009169638308711156,0.01529961750956226
RZDT2_VC,1,1001,GPR-KG,GPR-KG,vepm,common_axis,2.0,0.0,1.3569095145854322,0.5,6,2934,287,1963,6,0.0,1.1128198708056225,1.0,2,0,0.0,0.0,0.0
RZDT2_VC,2,1002,GPR-KG-oracleV,GPR-KG,oracle,common_generic,0.5,0.7906614832535885,0.5111166413372923,0.0,3,2775,1758,1715,21,1.1834850001499995,0.2804713426271951,0.13333333333333333,15,6,0.5733788395904437,0.5877551020408164,0.5804779729340628
RZDT2_VC,2,1002,GPR-KG-oracleV,GPR-KG,oracle,common_generic,0.75,0.7906614832535885,0.5111166413372923,0.0,3,2775,1285,1715,16,1.0057990564946053,0.3882923918296898,0.0,10,2,0.6832684824902724,0.5119533527696793,0.5853333333333334
RZDT2_VC,2,1002,GPR-KG-oracleV,GPR-KG,oracle,common_generic,1.0,0.7906614832535885,0.5111166413372923,0.0,3,2775,899,1715,17,0.7906614832535885,0.4644580077574171,0.0,7,1,0.8242491657397107,0.43206997084548104,0.566947207345065
RZDT2_VC,2,1002,GPR-KG-oracleV,GPR-KG,oracle,common_generic,1.25,0.7906614832535885,0.5111166413372923,0.0,3,2775,615,1715,17,0.7906614832535885,0.4644580077574171,0.0,7,1,0.9203252032520325,0.33002915451895043,0.4858369098712446
RZDT2_VC,2,1002,GPR-KG-oracleV,GPR-KG,oracle,common_generic,1.5,0.7906614832535885,0.5111166413372923,0.0,3,2775,424,1715,21,0.0,1.0921180975996707,0.0,5,0,0.9693396226415094,0.23965014577259475,0.38429172510518933
RZDT2_VC,2,1002,GPR-KG-oracleV,GPR-KG,oracle,common_generic,2.0,0.7906614832535885,0.5111166413372923,0.0,3,2775,132,1715,10,0.0,1.1024969979285193,0.0,7,0,1.0,0.07696793002915452,0.14293448835950187
RZDT2_VC,2,1002,GPR-KG-oracleV,GPR-KG,oracle,common_axis,0.5,0.7906614832535885,0.5111166413372923,0.0,3,2862,1785,1759,45,1.2331234612486985,0.26201841505561885,0.46153846153846156,39,17,0.5708683473389355,0.5793064241046049,0.5750564334085778
RZDT2_VC,2,1002,GPR-KG-oracleV,GPR-KG,oracle,common_axis,0.75,0.7906614832535885,0.5111166413372923,0.0,3,2862,1285,1759,16,1.0057990564946053,0.3882923918296898,0.0,10,2,0.6832684824902724,0.4991472427515634,0.5768725361366623
RZDT2_VC,2,1002,GPR-KG-oracleV,GPR-KG,oracle,common_axis,1.0,0.7906614832535885,0.5111166413372923,0.0,3,2862,899,1759,17,0.7906614832535885,0.4644580077574171,0.0,7,1,0.8242491657397107,0.4212620807276862,0.5575620767494356
RZDT2_VC,2,1002,GPR-KG-oracleV,GPR-KG,oracle,common_axis,1.25,0.7906614832535885,0.5111166413372923,0.0,3,2862,615,1759,17,0.7906614832535885,0.4644580077574171,0.0,7,1,0.9203252032520325,0.32177373507674817,0.476832350463353
RZDT2_VC,2,1002,GPR-KG-oracleV,GPR-KG,oracle,common_axis,1.5,0.7906614832535885,0.5111166413372923,0.0,3,2862,424,1759,21,0.0,1.0921180975996707,0.0,5,0,0.9693396226415094,0.2336554860716316,0.3765460375629867
RZDT2_VC,2,1002,GPR-KG-oracleV,GPR-KG,oracle,common_axis,2.0,0.7906614832535885,0.5111166413372923,0.0,3,2862,132,1759,10,0.0,1.1024969979285193,0.0,7,0,1.0,0.07504263786242182,0.13960867265996826
RZDT2_VC,2,1002,GPR-KG-pooled-pre,GPR-KG,pooled_pre,common_generic,0.5,0.880776,0.4196936262440617,0.375,8,2775,1838,1715,20,1.1610939999999998,0.20198160324484868,0.5,16,1,0.44124047878128403,0.4728862973760933,0.45651562060230794
RZDT2_VC,2,1002,GPR-KG-pooled-pre,GPR-KG,pooled_pre,common_generic,0.75,0.880776,0.4196936262440617,0.375,8,2775,1664,1715,18,1.1610939999999998,0.20198160324484868,0.5,16,1,0.3918269230769231,0.3801749271137026,0.38591299200947027
RZDT2_VC,2,1002,GPR-KG-pooled-pre,GPR-KG,pooled_pre,common_generic,1.0,0.880776,0.4196936262440617,0.375,8,2775,1504,1715,13,0.8884540000000001,0.41355746326339915,0.6153846153846154,13,0,0.33976063829787234,0.2979591836734694,0.31748990369680025
RZDT2_VC,2,1002,GPR-KG-pooled-pre,GPR-KG,pooled_pre,common_generic,1.25,0.880776,0.4196936262440617,0.375,8,2775,1287,1715,19,0.8884540000000001,0.41355746326339915,0.5333333333333333,15,0,0.26262626262626265,0.19708454810495626,0.22518321119253834
RZDT2_VC,2,1002,GPR-KG-pooled-pre,GPR-KG,pooled_pre,common_generic,1.5,0.880776,0.4196936262440617,0.375,8,2775,1034,1715,12,0.8884540000000001,0.41355746326339915,0.75,12,0,0.2205029013539652,0.13294460641399417,0.16587850127319026
RZDT2_VC,2,1002,GPR-KG-pooled-pre,GPR-KG,pooled_pre,common_generic,2.0,0.880776,0.4196936262440617,0.375,8,2775,651,1715,9,0.0,1.3752518744966633,0.8,5,0,0.07680491551459294,0.029154518950437316,0.042265426880811495
RZDT2_VC,2,1002,GPR-KG-pooled-pre,GPR-KG,pooled_pre,common_axis,0.5,0.880776,0.4196936262440617,0.375,8,2862,1901,1759,59,1.343504,0.07951654271929438,0.7272727272727273,55,8,0.4371383482377696,0.4724275156338829,0.4540983606557377
RZDT2_VC,2,1002,GPR-KG-pooled-pre,GPR-KG,pooled_pre,common_axis,0.75,0.880776,0.4196936262440617,0.375,8,2862,1721,1759,60,1.3249900000000001,0.08828305894439746,0.7413793103448276,58,9,0.38698431144683326,0.3786242183058556,0.38275862068965516
RZDT2_VC,2,1002,GPR-KG-pooled-pre,GPR-KG,pooled_pre,common_axis,1.0,0.880776,0.4196936262440617,0.375,8,2862,1553,1759,54,1.217545,0.15698697474147272,0.8113207547169812,53,6,0.3329040566645203,0.2939169982944855,0.31219806763285024
RZDT2_VC,2,1002,GPR-KG-pooled-pre,GPR-KG,pooled_pre,common_axis,1.25,0.880776,0.4196936262440617,0.375,8,2862,1327,1759,55,1.1444770000000002,0.21906732485453068,0.8541666666666666,48,0,0.25470987189148453,0.19215463331438318,0.21905379131561892
RZDT2_VC,2,1002,GPR-KG-pooled-pre,GPR-KG,pooled_pre,common_axis,1.5,0.880776,0.4196936262440617,0.375,8,2862,1062,1759,36,1.0416590000000001,0.30624196891853034,0.9166666666666666,36,0,0.21468926553672316,0.129619101762365,0.16164480680609714
RZDT2_VC,2,1002,GPR-KG-pooled-pre,GPR-KG,pooled_pre,common_axis,2.0,0.880776,0.4196936262440617,0.375,8,2862,651,1759,9,0.0,1.3752518744966633,0.8,5,0,0.07680491551459294,0.028425241614553724,0.04149377593360996
RZDT2_VC,2,1002,GPR-KG,GPR-KG,vepm,common_generic,0.5,0.0,1.3345414009693242,0.5,2,2775,2016,1715,28,0.9004669999999999,0.4060662158300788,0.75,12,0,0.5188492063492064,0.6099125364431487,0.560707585097829
RZDT2_VC,2,1002,GPR-KG,GPR-KG,vepm,common_generic,0.75,0.0,1.3345414009693242,0.5,2,2775,1743,1715,28,0.9495693748948177,0.3043084368838796,0.5454545454545454,11,0,0.4934021801491681,0.5014577259475219,0.4973973395026026
RZDT2_VC,2,1002,GPR-KG,GPR-KG,vepm,common_generic,1.0,0.0,1.3345414009693242,0.5,2,2775,1306,1715,16,0.2231249999999999,0.8243926127723238,0.4444444444444444,9,0,0.47090352220520676,0.358600583090379,0.407149950347567
RZDT2_VC,2,1002,GPR-KG,GPR-KG,vepm,common_generic,1.25,0.0,1.3345414009693242,0.5,2,2775,900,1715,12,0.0,1.3124246686988372,0.42857142857142855,7,0,0.4222222222222222,0.22157434402332363,0.29063097514340347
RZDT2_VC,2,1002,GPR-KG,GPR-KG,vepm,common_generic,1.5,0.0,1.3345414009693242,0.5,2,2775,571,1715,8,0.0,1.3345414009693242,0.4,5,0,0.38704028021015763,0.12886297376093295,0.19335083114610674
RZDT2_VC,2,1002,GPR-KG,GPR-KG,vepm,common_generic,2.0,0.0,1.3345414009693242,0.5,2,2775,180,1715,2,0.0,2.1923751637698747,0.5,2,0,0.38333333333333336,0.0402332361516035,0.07282321899736148
RZDT2_VC,2,1002,GPR-KG,GPR-KG,vepm,common_axis,0.5,0.0,1.3345414009693242,0.5,2,2862,2070,1759,79,1.274404,0.12058759377369954,0.7777777777777778,63,11,0.5106280193236715,0.6009096077316657,0.5521023765996343
RZDT2_VC,2,1002,GPR-KG,GPR-KG,vepm,common_axis,0.75,0.0,1.3345414009693242,0.5,2,2862,1761,1759,43,1.102094,0.24257996190452663,0.8461538461538461,26,2,0.4894946053378762,0.4900511654349062,0.48977272727272725
RZDT2_VC,2,1002,GPR-KG,GPR-KG,vepm,common_axis,1.0,0.0,1.3345414009693242,0.5,2,2862,1306,1759,16,0.2231249999999999,0.8243926127723238,0.4444444444444444,9,0,0.47090352220520676,0.3496304718590108,0.401305057096248
RZDT2_VC,2,1002,GPR-KG,GPR-KG,vepm,common_axis,1.25,0.0,1.3345414009693242,0.5,2,2862,900,1759,12,0.0,1.3124246686988372,0.42857142857142855,7,0,0.4222222222222222,0.2160318362706083,0.285821737495299
RZDT2_VC,2,1002,GPR-KG,GPR-KG,vepm,common_axis,1.5,0.0,1.3345414009693242,0.5,2,2862,571,1759,8,0.0,1.3345414009693242,0.4,5,0,0.38704028021015763,0.12563956793632747,0.18969957081545064
RZDT2_VC,2,1002,GPR-KG,GPR-KG,vepm,common_axis,2.0,0.0,1.3345414009693242,0.5,2,2862,180,1759,2,0.0,2.1923751637698747,0.5,2,0,0.38333333333333336,0.03922683342808414,0.07117070654976793
RZDT5_RR,0,1000,GPR-KG-oracleV,GPR-KG,oracle,common_generic,0.5,2.113919841269841,0.04850808065256496,0.0,9,2799,1692,1658,57,2.135432379969439,0.036664555467380296,0.0,17,0,0.9799054373522459,1.0,0.9898507462686567
RZDT5_RR,0,1000,GPR-KG-oracleV,GPR-KG,oracle,common_generic,0.75,2.113919841269841,0.04850808065256496,0.0,9,2799,1676,1658,55,2.135432379969439,0.036664555467380296,0.0,17,0,0.9880668257756563,0.9987937273823885,0.9934013197360528
RZDT5_RR,0,1000,GPR-KG-oracleV,GPR-KG,oracle,common_generic,1.0,2.113919841269841,0.04850808065256496,0.0,9,2799,1645,1658,52,2.135432379969439,0.036664555467380296,0.0,17,0,0.9951367781155015,0.9873341375150784,0.9912201029367241
RZDT5_RR,0,1000,GPR-KG-oracleV,GPR-KG,oracle,common_generic,1.25,2.113919841269841,0.04850808065256496,0.0,9,2799,1631,1658,52,2.135432379969439,0.036664555467380296,0.0,17,0,0.9981606376456161,0.9819059107358263,0.9899665551839466
RZDT5_RR,0,1000,GPR-KG-oracleV,GPR-KG,oracle,common_generic,1.5,2.113919841269841,0.04850808065256496,0.0,9,2799,1628,1658,51,2.1314100212470803,0.04230405554387146,0.0,16,0,0.9987714987714987,0.9806996381182147,0.9896530736457698
RZDT5_RR,0,1000,GPR-KG-oracleV,GPR-KG,oracle,common_generic,2.0,2.113919841269841,0.04850808065256496,0.0,9,2799,1588,1658,51,2.1314100212470803,0.04230405554387146,0.0,16,0,1.0,0.9577804583835947,0.9784349969192853
RZDT5_RR,0,1000,GPR-KG-oracleV,GPR-KG,oracle,common_axis,0.5,2.113919841269841,0.04850808065256496,0.0,9,2900,1741,1704,76,2.167719971188527,0.016068415338680257,0.07317073170731707,41,29,0.9787478460654796,1.0,0.9892597968069665
RZDT5_RR,0,1000,GPR-KG-oracleV,GPR-KG,oracle,common_axis,0.75,2.113919841269841,0.04850808065256496,0.0,9,2900,1724,1704,75,2.167286297719139,0.016068415338680257,0.05,40,29,0.9872389791183295,0.9988262910798122,0.9929988331388565
RZDT5_RR,0,1000,GPR-KG-oracleV,GPR-KG,oracle,common_axis,1.0,2.113919841269841,0.04850808065256496,0.0,9,2900,1692,1704,74,2.1668297374354513,0.016068415338680257,0.02564102564102564,39,29,0.9946808510638298,0.9876760563380281,0.9911660777385158
RZDT5_RR,0,1000,GPR-KG-oracleV,GPR-KG,oracle,common_axis,1.25,2.113919841269841,0.04850808065256496,0.0,9,2900,1677,1704,73,2.1663487013577454,0.016068415338680257,0.0,38,29,0.998211091234347,0.9823943661971831,0.9902395740905058
RZDT5_RR,0,1000,GPR-KG-oracleV,GPR-KG,oracle,common_axis,1.5,2.113919841269841,0.04850808065256496,0.0,9,2900,1673,1704,72,2.1658414549809337,0.01628606016658341,0.0,37,28,0.9988045427375971,0.9806338028169014,0.9896357713947291
RZDT5_RR,0,1000,GPR-KG-oracleV,GPR-KG,oracle,common_axis,2.0,2.113919841269841,0.04850808065256496,0.0,9,2900,1631,1704,70,2.1647405623335296,0.017374479738381635,0.0,35,26,1.0,0.9571596244131455,0.9781109445277361
RZDT5_RR,0,1000,GPR-KG-pooled-pre,GPR-KG,pooled_pre,common_generic,0.5,2.1001630341880344,0.05152619623498902,0.0,8,2799,1648,1658,66,2.129919459635971,0.043754364650988115,0.0,18,0,0.9939320388349514,0.9879372738238842,0.9909255898366606
RZDT5_RR,0,1000,GPR-KG-pooled-pre,GPR-KG,pooled_pre,common_generic,0.75,2.1001630341880344,0.05152619623498902,0.0,8,2799,1615,1658,66,2.129919459635971,0.043754364650988115,0.0,18,0,0.9962848297213622,0.9704463208685162,0.9831958447907118
RZDT5_RR,0,1000,GPR-KG-pooled-pre,GPR-KG,pooled_pre,common_generic,1.0,2.1001630341880344,0.05152619623498902,0.0,8,2799,1592,1658,66,2.129919459635971,0.043754364650988115,0.0,18,0,1.0,0.9601930036188179,0.9796923076923076
RZDT5_RR,0,1000,GPR-KG-pooled-pre,GPR-KG,pooled_pre,common_generic,1.25,2.1001630341880344,0.05152619623498902,0.0,8,2799,1576,1658,66,2.130389351759352,0.043707541015452746,0.0,18,0,1.0,0.9505428226779252,0.9746444032158318
RZDT5_RR,0,1000,GPR-KG-pooled-pre,GPR-KG,pooled_pre,common_generic,1.5,2.1001630341880344,0.05152619623498902,0.0,8,2799,1558,1658,65,2.119589584859585,0.047458597556971675,0.0,17,0,1.0,0.9396863691194209,0.9689054726368159
RZDT5_RR,0,1000,GPR-KG-pooled-pre,GPR-KG,pooled_pre,common_generic,2.0,2.1001630341880344,0.05152619623498902,0.0,8,2799,1495,1658,64,2.119589584859585,0.047458597556971675,0.0,17,0,1.0,0.9016887816646562,0.9483032032984459
RZDT5_RR,0,1000,GPR-KG-pooled-pre,GPR-KG,pooled_pre,common_axis,0.5,2.1001630341880344,0.05152619623498902,0.0,8,2900,1696,1704,67,2.1361801587301588,0.07845483304385029,0.0,12,1,0.9929245283018868,0.9882629107981221,0.9905882352941175
RZDT5_RR,0,1000,GPR-KG-pooled-pre,GPR-KG,pooled_pre,common_axis,0.75,2.1001630341880344,0.05152619623498902,0.0,8,2900,1661,1704,67,2.1361801587301588,0.07845483304385029,0.0,12,1,0.9963877182420229,0.971244131455399,0.9836552748885586
RZDT5_RR,0,1000,GPR-KG-pooled-pre,GPR-KG,pooled_pre,common_axis,1.0,2.1001630341880344,0.05152619623498902,0.0,8,2900,1637,1704,67,2.1361801587301588,0.07845483304385029,0.0,12,1,1.0,0.9606807511737089,0.9799461239149955
RZDT5_RR,0,1000,GPR-KG-pooled-pre,GPR-KG,pooled_pre,common_axis,1.25,2.1001630341880344,0.05152619623498902,0.0,8,2900,1620,1704,67,2.1361801587301588,0.07845483304385029,0.0,12,1,1.0,0.9507042253521126,0.9747292418772564
RZDT5_RR,0,1000,GPR-KG-pooled-pre,GPR-KG,pooled_pre,common_axis,1.5,2.1001630341880344,0.05152619623498902,0.0,8,2900,1600,1704,66,2.1361801587301588,0.07845483304385029,0.0,12,1,1.0,0.9389671361502347,0.9685230024213075
RZDT5_RR,0,1000,GPR-KG-pooled-pre,GPR-KG,pooled_pre,common_axis,2.0,2.1001630341880344,0.05152619623498902,0.0,8,2900,1535,1704,65,2.1361801587301588,0.07845483304385029,0.0,12,1,1.0,0.9008215962441315,0.9478234022846558
RZDT5_RR,0,1000,GPR-KG,GPR-KG,vepm,common_generic,0.5,2.1098280984829225,0.045391583207647634,0.0,8,2799,1698,1658,49,2.138443204494795,0.033880205385419394,0.07692307692307693,26,0,0.9711425206124853,0.9945717732207479,0.9827175208581644
RZDT5_RR,0,1000,GPR-KG,GPR-KG,vepm,common_generic,0.75,2.1098280984829225,0.045391583207647634,0.0,8,2799,1686,1658,49,2.138443204494795,0.033880205385419394,0.07692307692307693,26,0,0.9762752075919335,0.9927623642943305,0.9844497607655502
RZDT5_RR,0,1000,GPR-KG,GPR-KG,vepm,common_generic,1.0,2.1098280984829225,0.045391583207647634,0.0,8,2799,1673,1658,49,2.138443204494795,0.033880205385419394,0.07692307692307693,26,0,0.9802749551703527,0.9891435464414958,0.9846892824977483
RZDT5_RR,0,1000,GPR-KG,GPR-KG,vepm,common_generic,1.25,2.1098280984829225,0.045391583207647634,0.0,8,2799,1644,1658,48,2.1379683817997597,0.033880205385419394,0.04,25,0,0.9927007299270073,0.9843184559710495,0.9884918231374925
RZDT5_RR,0,1000,GPR-KG,GPR-KG,vepm,common_generic,1.5,2.1098280984829225,0.045391583207647634,0.0,8,2799,1616,1658,46,2.137344784120843,0.034016782754671994,0.0,24,0,0.9981435643564357,0.9728588661037394,0.9853390348197923
RZDT5_RR,0,1000,GPR-KG,GPR-KG,vepm,common_generic,2.0,2.1098280984829225,0.045391583207647634,0.0,8,2799,1581,1658,45,2.137344784120843,0.034016782754671994,0.0,24,0,0.9993674889310563,0.9529553679131484,0.9756097560975611
RZDT5_RR,0,1000,GPR-KG,GPR-KG,vepm,common_axis,0.5,2.1098280984829225,0.045391583207647634,0.0,8,2900,1749,1704,56,2.185400103479451,0.0,0.09803921568627451,51,46,0.9691252144082333,0.9947183098591549,0.9817549956559513
RZDT5_RR,0,1000,GPR-KG,GPR-KG,vepm,common_axis,0.75,2.1098280984829225,0.045391583207647634,0.0,8,2900,1736,1704,55,2.1850079466167056,0.0,0.08,50,46,0.9746543778801844,0.9929577464788732,0.9837209302325581
RZDT5_RR,0,1000,GPR-KG,GPR-KG,vepm,common_axis,1.0,2.1098280984829225,0.045391583207647634,0.0,8,2900,1722,1704,54,2.1845957017187465,0.0,0.061224489795918366,49,46,0.9790940766550522,0.9894366197183099,0.9842381786339756
RZDT5_RR,0,1000,GPR-KG,GPR-KG,vepm,common_axis,1.25,2.1098280984829225,0.045391583207647634,0.0,8,2900,1692,1704,53,2.184162028249359,0.0,0.041666666666666664,48,46,0.991725768321513,0.9847417840375586,0.9882214369846879
RZDT5_RR,0,1000,GPR-KG,GPR-KG,vepm,common_axis,1.5,2.1098280984829225,0.045391583207647634,0.0,8,2900,1663,1704,52,2.183705467965671,0.0,0.02127659574468085,47,46,0.9975947083583885,0.9735915492957746,0.9854469854469854
RZDT5_RR,0,1000,GPR-KG,GPR-KG,vepm,common_axis,2.0,2.1098280984829225,0.045391583207647634,0.0,8,2900,1626,1704,50,2.1827171855111533,0.00021764482790315127,0.0,45,45,0.9993849938499385,0.9536384976525821,0.975975975975976
RZDT5_RR,1,1001,GPR-KG-oracleV,GPR-KG,oracle,common_generic,0.5,2.0717278884497463,0.06765333607465689,0.0,15,2988,2009,1975,70,2.0800000207750093,0.05878153745431936,0.0,29,0,0.9830761572921851,1.0,0.9914658634538153
RZDT5_RR,1,1001,GPR-KG-oracleV,GPR-KG,oracle,common_generic,0.75,2.0717278884497463,0.06765333607465689,0.0,15,2988,2000,1975,70,2.0800000207750093,0.05878153745431936,0.0,29,0,0.9875,1.0,0.9937106918238994
RZDT5_RR,1,1001,GPR-KG-oracleV,GPR-KG,oracle,common_generic,1.0,2.0717278884497463,0.06765333607465689,0.0,15,2988,1977,1975,70,2.0800000207750093,0.05878153745431936,0.0,29,0,0.9984825493171472,0.999493670886076,0.9989878542510122
RZDT5_RR,1,1001,GPR-KG-oracleV,GPR-KG,oracle,common_generic,1.25,2.0717278884497463,0.06765333607465689,0.0,15,2988,1964,1975,69,2.072599563109105,0.062035360430912505,0.0,28,0,1.0,0.9944303797468355,0.9972074130489972
RZDT5_RR,1,1001,GPR-KG-oracleV,GPR-KG,oracle,common_generic,1.5,2.0717278884497463,0.06765333607465689,0.0,15,2988,1933,1975,69,2.072599563109105,0.062035360430912505,0.0,28,0,1.0,0.9787341772151898,0.989252814738997
RZDT5_RR,1,1001,GPR-KG-oracleV,GPR-KG,oracle,common_generic,2.0,2.0717278884497463,0.06765333607465689,0.0,15,2988,1844,1975,69,2.072599563109105,0.062035360430912505,0.0,28,0,1.0,0.9336708860759494,0.9656978266561927
RZDT5_RR,1,1001,GPR-KG-oracleV,GPR-KG,oracle,common_axis,0.5,2.0717278884497463,0.06765333607465689,0.0,15,3089,2058,2021,70,2.0800000207750093,0.05878153745431936,0.0,29,0,0.9820213799805636,1.0,0.9909291493012994
RZDT5_RR,1,1001,GPR-KG-oracleV,GPR-KG,oracle,common_axis,0.75,2.0717278884497463,0.06765333607465689,0.0,15,3089,2048,2021,70,2.0800000207750093,0.05878153745431936,0.0,29,0,0.98681640625,1.0,0.9933644630130253
RZDT5_RR,1,1001,GPR-KG-oracleV,GPR-KG,oracle,common_axis,1.0,2.0717278884497463,0.06765333607465689,0.0,15,3089,2024,2021,70,2.0800000207750093,0.05878153745431936,0.0,29,0,0.9980237154150198,0.9995051954477981,0.9987639060568603
RZDT5_RR,1,1001,GPR-KG-oracleV,GPR-KG,oracle,common_axis,1.25,2.0717278884497463,0.06765333607465689,0.0,15,3089,2010,2021,69,2.072599563109105,0.062035360430912505,0.0,28,0,1.0,0.9945571499257794,0.9972711485983627
RZDT5_RR,1,1001,GPR-KG-oracleV,GPR-KG,oracle,common_axis,1.5,2.0717278884497463,0.06765333607465689,0.0,15,3089,1978,2021,69,2.072599563109105,0.062035360430912505,0.0,28,0,1.0,0.9787234042553191,0.989247311827957
RZDT5_RR,1,1001,GPR-KG-oracleV,GPR-KG,oracle,common_axis,2.0,2.0717278884497463,0.06765333607465689,0.0,15,3089,1887,2021,69,2.072599563109105,0.062035360430912505,0.0,28,0,1.0,0.9336961900049481,0.9657113613101331
RZDT5_RR,1,1001,GPR-KG-pooled-pre,GPR-KG,pooled_pre,common_generic,0.5,2.091944099227781,0.046745322995158683,0.0,13,2988,2010,1975,94,2.1229212255963508,0.03943830991991006,0.05263157894736842,19,0,0.9825870646766169,1.0,0.9912170639899623
RZDT5_RR,1,1001,GPR-KG-pooled-pre,GPR-KG,pooled_pre,common_generic,0.75,2.091944099227781,0.046745322995158683,0.0,13,2988,1997,1975,93,2.1229212255963508,0.03943830991991006,0.05263157894736842,19,0,0.9874812218327491,0.9984810126582279,0.9929506545820744
RZDT5_RR,1,1001,GPR-KG-pooled-pre,GPR-KG,pooled_pre,common_generic,1.0,2.091944099227781,0.046745322995158683,0.0,13,2988,1982,1975,93,2.1240346121211733,0.03942569559948002,0.1,20,0,0.992936427850656,0.9964556962025316,0.9946929492039424
RZDT5_RR,1,1001,GPR-KG-pooled-pre,GPR-KG,pooled_pre,common_generic,1.25,2.091944099227781,0.046745322995158683,0.0,13,2988,1951,1975,87,2.1238707588567998,0.03924275370548623,0.05,20,0,0.9969246540235777,0.9848101265822785,0.9908303616912888
RZDT5_RR,1,1001,GPR-KG-pooled-pre,GPR-KG,pooled_pre,common_generic,1.5,2.091944099227781,0.046745322995158683,0.0,13,2988,1931,1975,82,2.122529529355496,0.039817780813547095,0.0,18,0,1.0,0.9777215189873417,0.9887352790578596
RZDT5_RR,1,1001,GPR-KG-pooled-pre,GPR-KG,pooled_pre,common_generic,2.0,2.091944099227781,0.046745322995158683,0.0,13,2988,1861,1975,81,2.1054556163120175,0.042666354572215244,0.0,17,0,1.0,0.9422784810126582,0.9702815432742441
RZDT5_RR,1,1001,GPR-KG-pooled-pre,GPR-KG,pooled_pre,common_axis,0.5,2.091944099227781,0.046745322995158683,0.0,13,3089,2058,2021,94,2.160989230641929,0.04022792146379854,0.0,12,9,0.9820213799805636,1.0,0.9909291493012994
RZDT5_RR,1,1001,GPR-KG-pooled-pre,GPR-KG,pooled_pre,common_axis,0.75,2.091944099227781,0.046745322995158683,0.0,13,3089,2044,2021,93,2.160989230641929,0.04022792146379854,0.0,12,9,0.987279843444227,0.9985155863433943,0.9928659286592866
RZDT5_RR,1,1001,GPR-KG-pooled-pre,GPR-KG,pooled_pre,common_axis,1.0,2.091944099227781,0.046745322995158683,0.0,13,3089,2028,2021,93,2.160989230641929,0.04022792146379854,0.0,12,9,0.9930966469428008,0.9965363681345868,0.9948135342059767
RZDT5_RR,1,1001,GPR-KG-pooled-pre,GPR-KG,pooled_pre,common_axis,1.25,2.091944099227781,0.046745322995158683,0.0,13,3089,1996,2021,87,2.160989230641929,0.04022792146379854,0.0,12,9,0.996993987975952,0.9846610588817417,0.990789146128952
RZDT5_RR,1,1001,GPR-KG-pooled-pre,GPR-KG,pooled_pre,common_axis,1.5,2.091944099227781,0.046745322995158683,0.0,13,3089,1975,2021,83,2.1681416370590414,0.029329721634249767,0.0,13,10,1.0,0.9772389905987136,0.9884884884884885
RZDT5_RR,1,1001,GPR-KG-pooled-pre,GPR-KG,pooled_pre,common_axis,2.0,2.091944099227781,0.046745322995158683,0.0,13,3089,1903,2021,81,2.160989230641929,0.04022792146379854,0.0,12,9,1.0,0.9416130628401781,0.9699286442405708
RZDT5_RR,1,1001,GPR-KG,GPR-KG,vepm,common_generic,0.5,2.113311949585586,0.04813991694198824,0.07142857142857142,14,2988,2030,1975,101,2.117376220089983,0.04492753907878444,0.08333333333333333,24,0,0.9729064039408867,1.0,0.986267166042447
RZDT5_RR,1,1001,GPR-KG,GPR-KG,vepm,common_generic,0.75,2.113311949585586,0.04813991694198824,0.07142857142857142,14,2988,2012,1975,101,2.117376220089983,0.04492753907878444,0.08333333333333333,24,0,0.981610337972167,1.0,0.9907198394783044
RZDT5_RR,1,1001,GPR-KG,GPR-KG,vepm,common_generic,1.0,2.113311949585586,0.04813991694198824,0.07142857142857142,14,2988,2000,1975,100,2.116983578246011,0.04492753907878444,0.043478260869565216,23,0,0.987,0.999493670886076,0.9932075471698114
RZDT5_RR,1,1001,GPR-KG,GPR-KG,vepm,common_generic,1.25,2.113311949585586,0.04813991694198824,0.07142857142857142,14,2988,1971,1975,99,2.1168554707432112,0.048107966828327,0.0,22,0,0.9989852866565195,0.9969620253164557,0.9979726305119109
RZDT5_RR,1,1001,GPR-KG,GPR-KG,vepm,common_generic,1.5,2.113311949585586,0.04813991694198824,0.07142857142857142,14,2988,1925,1975,95,2.1168554707432112,0.048107966828327,0.0,22,0,0.9994805194805195,0.9741772151898734,0.9866666666666668
RZDT5_RR,1,1001,GPR-KG,GPR-KG,vepm,common_generic,2.0,2.113311949585586,0.04813991694198824,0.07142857142857142,14,2988,1869,1975,92,2.1168554707432112,0.048107966828327,0.0,22,0,1.0,0.9463291139240506,0.9724245577523413
RZDT5_RR,1,1001,GPR-KG,GPR-KG,vepm,common_axis,0.5,2.113311949585586,0.04813991694198824,0.07142857142857142,14,3089,2079,2021,102,2.1280642912142604,0.04015793473380367,0.11764705882352941,17,2,0.9721019721019721,1.0,0.9858536585365854
RZDT5_RR,1,1001,GPR-KG,GPR-KG,vepm,common_axis,0.75,2.113311949585586,0.04813991694198824,0.07142857142857142,14,3089,2060,2021,102,2.1280642912142604,0.04015793473380367,0.11764705882352941,17,2,0.9810679611650486,1.0,0.9904435187454056
RZDT5_RR,1,1001,GPR-KG,GPR-KG,vepm,common_axis,1.0,2.113311949585586,0.04813991694198824,0.07142857142857142,14,3089,2047,2021,101,2.127671649370289,0.04015793473380367,0.0625,16,2,0.986809965803615,0.9995051954477981,0.9931170108161258
RZDT5_RR,1,1001,GPR-KG,GPR-KG,vepm,common_axis,1.25,2.113311949585586,0.04813991694198824,0.07142857142857142,14,3089,2017,2021,100,2.127543541867489,0.043338362483346236,0.0,15,2,0.999008428358949,0.9970311726867888,0.9980188211986133
RZDT5_RR,1,1001,GPR-KG,GPR-KG,vepm,common_axis,1.5,2.113311949585586,0.04813991694198824,0.07142857142857142,14,3089,1970,2021,96,2.127543541867489,0.043338362483346236,0.0,15,2,0.999492385786802,0.9742701632855022,0.9867201202706087
RZDT5_RR,1,1001,GPR-KG,GPR-KG,vepm,common_axis,2.0,2.113311949585586,0.04813991694198824,0.07142857142857142,14,3089,1911,2021,93,2.127543541867489,0.043338362483346236,0.0,15,2,1.0,0.9455714992577932,0.9720244150559512
RZDT5_RR,2,1002,GPR-KG-oracleV,GPR-KG,oracle,common_generic,0.5,2.118714943543266,0.04553537856491177,0.0,11,2859,1590,1569,49,2.1228347111283408,0.041714427777527645,0.0,23,0,0.9867924528301887,1.0,0.99335232668566
RZDT5_RR,2,1002,GPR-KG-oracleV,GPR-KG,oracle,common_generic,0.75,2.118714943543266,0.04553537856491177,0.0,11,2859,1577,1569,49,2.1228347111283408,0.041714427777527645,0.0,23,0,0.9949270767279645,1.0,0.9974570883661793
RZDT5_RR,2,1002,GPR-KG-oracleV,GPR-KG,oracle,common_generic,1.0,2.118714943543266,0.04553537856491177,0.0,11,2859,1550,1569,49,2.1228347111283408,0.041714427777527645,0.0,23,0,1.0,0.9878903760356915,0.9939083039435715
RZDT5_RR,2,1002,GPR-KG-oracleV,GPR-KG,oracle,common_generic,1.25,2.118714943543266,0.04553537856491177,0.0,11,2859,1536,1569,49,2.1228347111283408,0.041714427777527645,0.0,23,0,1.0,0.9789674952198852,0.9893719806763285
RZDT5_RR,2,1002,GPR-KG-oracleV,GPR-KG,oracle,common_generic,1.5,2.118714943543266,0.04553537856491177,0.0,11,2859,1527,1569,49,2.1228347111283408,0.041714427777527645,0.0,23,0,1.0,0.9732313575525813,0.9864341085271318
RZDT5_RR,2,1002,GPR-KG-oracleV,GPR-KG,oracle,common_generic,2.0,2.118714943543266,0.04553537856491177,0.0,11,2859,1484,1569,49,2.1228347111283408,0.041714427777527645,0.0,23,0,1.0,0.9458253664754621,0.9721585325908942
RZDT5_RR,2,1002,GPR-KG-oracleV,GPR-KG,oracle,common_axis,0.5,2.118714943543266,0.04553537856491177,0.0,11,2960,1637,1615,55,2.1547884118295357,0.017659592344171558,0.0,27,22,0.9865607819181429,1.0,0.9932349323493234
RZDT5_RR,2,1002,GPR-KG-oracleV,GPR-KG,oracle,common_axis,0.75,2.118714943543266,0.04553537856491177,0.0,11,2960,1623,1615,55,2.1547884118295357,0.017659592344171558,0.0,27,22,0.9950708564386938,1.0,0.9975293390982087
RZDT5_RR,2,1002,GPR-KG-oracleV,GPR-KG,oracle,common_axis,1.0,2.118714943543266,0.04553537856491177,0.0,11,2960,1595,1615,54,2.154281165452724,0.01787723717207471,0.0,26,21,1.0,0.9876160990712074,0.9937694704049844
RZDT5_RR,2,1002,GPR-KG-oracleV,GPR-KG,oracle,common_axis,1.25,2.118714943543266,0.04553537856491177,0.0,11,2960,1580,1615,53,2.1491880723596313,0.023976979761466642,0.0,25,20,1.0,0.978328173374613,0.9890453834115805
RZDT5_RR,2,1002,GPR-KG-oracleV,GPR-KG,oracle,common_axis,1.5,2.118714943543266,0.04553537856491177,0.0,11,2960,1570,1615,53,2.1491880723596313,0.023976979761466642,0.0,25,20,1.0,0.9721362229102167,0.9858712715855572
RZDT5_RR,2,1002,GPR-KG-oracleV,GPR-KG,oracle,common_axis,2.0,2.118714943543266,0.04553537856491177,0.0,11,2960,1526,1615,53,2.1491880723596313,0.023976979761466642,0.0,25,20,1.0,0.944891640866873,0.9716650748169373
RZDT5_RR,2,1002,GPR-KG-pooled-pre,GPR-KG,pooled_pre,common_generic,0.5,2.111265489039226,0.04514357805810469,0.0,9,2859,1619,1569,62,2.1308976430273905,0.04477399569688583,0.07142857142857142,14,0,0.9691167387276096,1.0,0.9843161856963614
RZDT5_RR,2,1002,GPR-KG-pooled-pre,GPR-KG,pooled_pre,common_generic,0.75,2.111265489039226,0.04514357805810469,0.0,9,2859,1594,1569,62,2.1308976430273905,0.04477399569688583,0.07142857142857142,14,0,0.9818067754077792,0.9974506054811982,0.9895668668985141
RZDT5_RR,2,1002,GPR-KG-pooled-pre,GPR-KG,pooled_pre,common_generic,1.0,2.111265489039226,0.04514357805810469,0.0,9,2859,1571,1569,62,2.1308976430273905,0.04477399569688583,0.07142857142857142,14,0,0.988542329726289,0.9898024219247928,0.9891719745222931
RZDT5_RR,2,1002,GPR-KG-pooled-pre,GPR-KG,pooled_pre,common_generic,1.25,2.111265489039226,0.04514357805810469,0.0,9,2859,1555,1569,59,2.1297152193456146,0.04479289928856825,0.0,15,0,0.9942122186495177,0.9853409815168898,0.9897567221510882
RZDT5_RR,2,1002,GPR-KG-pooled-pre,GPR-KG,pooled_pre,common_generic,1.5,2.111265489039226,0.04514357805810469,0.0,9,2859,1524,1569,55,2.1234313843400403,0.04854698810681781,0.0,11,0,0.9993438320209974,0.9706819630337795,0.9848043970255417
RZDT5_RR,2,1002,GPR-KG-pooled-pre,GPR-KG,pooled_pre,common_generic,2.0,2.111265489039226,0.04514357805810469,0.0,9,2859,1491,1569,55,2.1234313843400403,0.04854698810681781,0.0,11,0,1.0,0.9502868068833652,0.9745098039215686
RZDT5_RR,2,1002,GPR-KG-pooled-pre,GPR-KG,pooled_pre,common_axis,0.5,2.111265489039226,0.04514357805810469,0.0,9,2960,1664,1615,62,2.1308976430273905,0.04477399569688583,0.07142857142857142,14,0,0.9699519230769231,0.9993808049535604,0.9844464775846296
RZDT5_RR,2,1002,GPR-KG-pooled-pre,GPR-KG,pooled_pre,common_axis,0.75,2.111265489039226,0.04514357805810469,0.0,9,2960,1638,1615,62,2.1308976430273905,0.04477399569688583,0.07142857142857142,14,0,0.9822954822954822,0.9962848297213622,0.9892407008914849
RZDT5_RR,2,1002,GPR-KG-pooled-pre,GPR-KG,pooled_pre,common_axis,1.0,2.111265489039226,0.04514357805810469,0.0,9,2960,1614,1615,62,2.1308976430273905,0.04477399569688583,0.07142857142857142,14,0,0.9888475836431226,0.9882352941176471,0.9885413440693713
RZDT5_RR,2,1002,GPR-KG-pooled-pre,GPR-KG,pooled_pre,common_axis,1.25,2.111265489039226,0.04514357805810469,0.0,9,2960,1597,1615,59,2.1297152193456146,0.04479289928856825,0.0,15,0,0.9943644333124608,0.98328173374613,0.9887920298879203
RZDT5_RR,2,1002,GPR-KG-pooled-pre,GPR-KG,pooled_pre,common_axis,1.5,2.111265489039226,0.04514357805810469,0.0,9,2960,1565,1615,55,2.1234313843400403,0.04854698810681781,0.0,11,0,0.9993610223642172,0.968421052631579,0.9836477987421384
RZDT5_RR,2,1002,GPR-KG-pooled-pre,GPR-KG,pooled_pre,common_axis,2.0,2.111265489039226,0.04514357805810469,0.0,9,2960,1530,1615,55,2.1234313843400403,0.04854698810681781,0.0,11,0,1.0,0.9473684210526315,0.972972972972973
RZDT5_RR,2,1002,GPR-KG,GPR-KG,vepm,common_generic,0.5,2.138334622914107,0.036677144310207785,0.0,14,2859,1624,1569,72,2.141531664994802,0.0383590962900872,0.0,28,0,0.9618226600985221,0.9955385595920969,0.9783902286251174
RZDT5_RR,2,1002,GPR-KG,GPR-KG,vepm,common_generic,0.75,2.138334622914107,0.036677144310207785,0.0,14,2859,1614,1569,72,2.141531664994802,0.0383590962900872,0.0,28,0,0.9671623296158612,0.9949012109623965,0.9808356896010053
RZDT5_RR,2,1002,GPR-KG,GPR-KG,vepm,common_generic,1.0,2.138334622914107,0.036677144310207785,0.0,14,2859,1594,1569,72,2.141531664994802,0.0383590962900872,0.0,28,0,0.9774153074027604,0.992989165073295,0.9851406892190958
RZDT5_RR,2,1002,GPR-KG,GPR-KG,vepm,common_generic,1.25,2.138334622914107,0.036677144310207785,0.0,14,2859,1570,1569,72,2.141531664994802,0.0383590962900872,0.0,28,0,0.9910828025477707,0.9917144678138942,0.9913985345651481
RZDT5_RR,2,1002,GPR-KG,GPR-KG,vepm,common_generic,1.5,2.138334622914107,0.036677144310207785,0.0,14,2859,1555,1569,71,2.1412983316614684,0.038464587397356025,0.0,27,0,0.9967845659163987,0.9878903760356915,0.9923175416133163
RZDT5_RR,2,1002,GPR-KG,GPR-KG,vepm,common_generic,2.0,2.138334622914107,0.036677144310207785,0.0,14,2859,1519,1569,64,2.13695848703581,0.0400253834205138,0.0,24,0,0.9993416721527321,0.9674952198852772,0.9831606217616581
RZDT5_RR,2,1002,GPR-KG,GPR-KG,vepm,common_axis,0.5,2.138334622914107,0.036677144310207785,0.0,14,2960,1671,1615,73,2.147284645072074,0.04387291120055031,0.0,20,4,0.9622980251346499,0.9956656346749226,0.9786975045648204
RZDT5_RR,2,1002,GPR-KG,GPR-KG,vepm,common_axis,0.75,2.138334622914107,0.036677144310207785,0.0,14,2960,1660,1615,73,2.147284645072074,0.04387291120055031,0.0,20,4,0.9680722891566265,0.9950464396284829,0.9813740458015268
RZDT5_RR,2,1002,GPR-KG,GPR-KG,vepm,common_axis,1.0,2.138334622914107,0.036677144310207785,0.0,14,2960,1639,1615,73,2.147284645072074,0.04387291120055031,0.0,20,4,0.9780353874313605,0.9925696594427245,0.9852489244007375
RZDT5_RR,2,1002,GPR-KG,GPR-KG,vepm,common_axis,1.25,2.138334622914107,0.036677144310207785,0.0,14,2960,1614,1615,73,2.147284645072074,0.04387291120055031,0.0,20,4,0.9913258983890955,0.9907120743034056,0.9910188912976154
RZDT5_RR,2,1002,GPR-KG,GPR-KG,vepm,common_axis,1.5,2.138334622914107,0.036677144310207785,0.0,14,2960,1598,1615,72,2.147051311738741,0.04397840230781913,0.0,19,4,0.9968710888610763,0.9863777089783282,0.9915966386554623
RZDT5_RR,2,1002,GPR-KG,GPR-KG,vepm,common_axis,2.0,2.138334622914107,0.036677144310207785,0.0,14,2960,1560,1615,65,2.1427114671130822,0.045539198330976915,0.0,16,4,0.9993589743589744,0.9653250773993808,0.9820472440944882
