problem,method,rep,seed,hv_final,igd_final,cvr_final,n_pareto_solutions,n_simulations,total_time_sec,main_iter_completed
RZDT1,GPR-KG,0,1000,0.5131880624118046,0.598847284545051,0.6666666666666666,3,80,226.0743169784546,50
RZDT1,GPR-KG,1,1001,0.27660894742169767,0.9449617255405759,0.5,6,80,238.59611797332764,50
RZDT1,GPR-KG,2,1002,0.1293452083261464,1.1014147003640062,0.5,4,80,207.34048104286194,50
RZDT2,GPR-KG,0,1000,0.0,1.9093515076141525,0.0,2,80,206.0869369506836,50
RZDT2,GPR-KG,1,1001,0.0,1.2350549140792662,0.0,1,80,179.0065679550171,50
RZDT2,GPR-KG,2,1002,0.0,2.0840858588299893,0.0,2,80,189.08799266815186,50
RZDT5_RR,GPR-KG,0,1000,2.056203234784539,0.0790692224792865,0.0,11,80,239.70573568344116,50
RZDT5_RR,GPR-KG,1,1001,2.080134573771965,0.06757288609094844,0.0,12,80,320.74860072135925,50
RZDT5_RR,GPR-KG,2,1002,2.1015093860438476,0.06170060284734452,0.09090909090909091,11,80,249.34759879112244,50
