problem,method,n,new_hv_mean,new_hv_se,old_hv,delta_hv,new_igd_mean,new_igd_se,old_igd,delta_igd,new_cvr_mean,new_cvr_se,old_cvr,delta_cvr,new_nd_mean,new_nd_se,old_nd,delta_nd,new_tpos_mean,new_tpos_se,old_tpos,delta_tpos,new_time_mean,new_time_se,old_time,delta_time,n_bad_budget
RZDT1,NSGA-II-K,10,1.426776695296637,0.058925565098878946,0.282,1.144776695296637,0.18970047045961086,0.0,0.879,-0.6892995295403892,0.16666666666666666,0.05555555555555555,0.4,-0.23333333333333336,2.5,0.16666666666666666,5.2,-2.7,2.0,0.0,0.0,2.0,30.583277702331543,0.7621858685672098,9.0,21.583277702331543,0
RZDT1,cEHVI,10,1.426776695296637,0.058925565098878946,0.426,1.000776695296637,0.18970047045961086,0.0,0.838,-0.648299529540389,0.16666666666666666,0.05555555555555555,0.519,-0.3523333333333334,2.5,0.16666666666666666,5.1,-2.5999999999999996,2.0,0.0,0.0,2.0,132.67300035953522,15.484277754478368,73.5,59.17300035953522,0
RZDT1,cParEGO,10,1.435374510240615,0.05629157561243228,0.225,1.210374510240615,0.18970047045961086,0.0,1.003,-0.8132995295403891,0.2333333333333333,0.05091750772173155,0.38,-0.1466666666666667,2.7,0.15275252316519466,5.1,-2.3999999999999995,2.0,0.0,0.0,2.0,5.308463191986084,0.30214867934307693,1.1,4.208463191986084,0
RZDT2,NSGA-II-K,10,1.3125,0.020833333333333332,0.036,1.2765,0.12580370182933537,9.25185853854297e-18,1.77,-1.6441962981706646,0.16666666666666666,0.05555555555555555,0.183,-0.01633333333333334,2.5,0.16666666666666666,3.8,-1.2999999999999998,2.0,0.0,0.0,2.0,30.780686354637147,0.8385785351733789,29.8,0.9806863546371467,0
RZDT2,cEHVI,10,1.3125,0.020833333333333332,0.073,1.2395,0.12580370182933537,9.25185853854297e-18,1.462,-1.3361962981706645,0.16666666666666666,0.05555555555555555,0.302,-0.13533333333333333,2.5,0.16666666666666666,3.8,-1.2999999999999998,2.0,0.0,0.0,2.0,126.80860137939453,17.075444871518208,90.4,36.408601379394526,0
RZDT2,cParEGO,10,1.3125,0.020833333333333332,0.0,1.3125,0.12580370182933537,9.25185853854297e-18,1.761,-1.6351962981706645,0.16666666666666666,0.05555555555555555,0.29,-0.12333333333333332,2.5,0.16666666666666666,4.1,-1.5999999999999996,2.0,0.0,0.0,2.0,5.506064867973327,0.2560233096370792,4.8,0.7060648679733275,0
RZDT5_RR,NSGA-II-K,10,2.088682975723731,0.010348025064395036,2.077,0.011682975723731115,0.06703858166906565,0.0025414069532635267,0.066,0.0010385816690656469,0.053644688644688646,0.0168093034012611,0.019,0.03464468864468864,10.5,1.2931443160847216,11.3,-0.8000000000000007,0.9,0.09999999999999999,0.0,0.9,43.2133725643158,0.9104518433743515,57.5,-14.286627435684203,0
RZDT5_RR,cEHVI,10,2.109932909504055,0.00576458227857126,2.087,0.022932909504054688,0.054391762385279874,0.0020612113413302395,0.061,-0.006608237614720125,0.07433816183816185,0.021677033645537427,0.022,0.05233816183816185,12.5,0.582141639885766,11.2,1.3000000000000007,0.9,0.09999999999999999,0.0,0.9,1166.2376242399216,103.33536415373833,997.4,168.83762423992164,0
RZDT5_RR,cParEGO,10,2.111123756351102,0.006830012450453949,2.08,0.03112375635110176,0.06075344537194986,0.0030449687601571272,0.068,-0.007246554628050142,0.06046356421356421,0.0110323257868555,0.013,0.047463564213564215,13.4,0.8717797887081347,12.7,0.7000000000000011,0.7,0.15275252316519464,0.0,0.7,4.809488105773926,0.03137975692927369,2.9,1.9094881057739257,0
