track_id,method_identity,domain,submitted_rows,successful_rows,failed_rows,true_feasible_count,certified_count,false_certificate_count,median_feasible_regret,mean_feasible_regret,mean_source_calls,mean_target_initial_design_calls,mean_target_adaptive_search_calls,mean_target_search_calls,mean_target_safety_verification_calls,mean_target_objective_comparison_calls,mean_target_verification_calls,mean_target_total_calls,mean_optimization_calls_excluding_verification,mean_source_plus_target_total_calls,mean_aleatoric_log_variance_rmse,mean_aleatoric_variance_rmse,mean_aleatoric_upper_coverage,mean_aleatoric_variance_shape_correlation,post_run_aleatoric_audit_count
common_sobol_frontend_negative_control_d1000_n13,canonical_saasbo_every_iteration,FactorShockStatePolicyRZDT1,20,20,0,0,0,0,,,0.0,10.0,3.0,13.0,336.0,0.0,336.0,349.0,13.0,349.0,,,,,0
common_sobol_frontend_negative_control_d1000_n13,canonical_saasbo_every_iteration,InventorySupplyChain,20,20,0,0,0,0,,,0.0,10.0,3.0,13.0,336.0,0.0,336.0,349.0,13.0,349.0,,,,,0
common_sobol_frontend_negative_control_d1000_n13,canonical_saasbo_every_iteration,QueueResourceControl,20,20,0,0,0,0,,,0.0,10.0,3.0,13.0,336.0,0.0,336.0,349.0,13.0,349.0,,,,,0
common_sobol_frontend_negative_control_d1000_n13,common_sobol_proposal_only,FactorShockStatePolicyRZDT1,20,20,0,0,0,0,,,0.0,10.0,0.0,10.0,336.0,0.0,336.0,346.0,10.0,346.0,,,,,0
common_sobol_frontend_negative_control_d1000_n13,common_sobol_proposal_only,InventorySupplyChain,20,20,0,0,0,0,,,0.0,10.0,0.0,10.0,336.0,0.0,336.0,346.0,10.0,346.0,,,,,0
common_sobol_frontend_negative_control_d1000_n13,common_sobol_proposal_only,QueueResourceControl,20,20,0,0,0,0,,,0.0,10.0,0.0,10.0,336.0,0.0,336.0,346.0,10.0,346.0,,,,,0
common_sobol_frontend_negative_control_d1000_n13,stacked_transfer_gp_cbo:official_transfergpbo_code,FactorShockStatePolicyRZDT1,20,20,0,0,0,0,,,384.0,10.0,3.0,13.0,336.0,0.0,336.0,349.0,397.0,733.0,,,,,0
common_sobol_frontend_negative_control_d1000_n13,stacked_transfer_gp_cbo:official_transfergpbo_code,InventorySupplyChain,20,20,0,1,1,0,0.010818170171363162,0.010818170171363162,384.0,10.0,3.0,13.0,336.0,0.0,336.0,349.0,397.0,733.0,,,,,0
common_sobol_frontend_negative_control_d1000_n13,stacked_transfer_gp_cbo:official_transfergpbo_code,QueueResourceControl,20,20,0,0,0,0,,,384.0,10.0,3.0,13.0,336.0,0.0,336.0,349.0,397.0,733.0,,,,,0
dimension_budget_frontier_gate_proposal_d200_d1000_n10,frozen_crossdim_proposal_only,FactorShockStatePolicyRZDT1,10,10,0,10,10,0,0.00824999999999998,0.00824999999999998,384.0,10.0,0.0,10.0,80.0,0.0,80.0,90.0,394.0,474.0,,,,,0
dimension_budget_frontier_gate_proposal_d200_d1000_n10,frozen_crossdim_proposal_only,InventorySupplyChain,10,10,0,10,10,0,0.011638138072946336,0.011638138072946336,384.0,10.0,0.0,10.0,156.8,0.0,156.8,166.8,394.0,550.8,,,,,0
dimension_budget_frontier_gate_proposal_d200_d1000_n10,frozen_crossdim_proposal_only,QueueResourceControl,10,10,0,10,10,0,0.0028991483810514307,0.0028991483810514307,384.0,10.0,0.0,10.0,80.0,0.0,80.0,90.0,394.0,474.0,,,,,0
dimension_frontier_d200_d10000_n13,canonical_saasbo_every_iteration,FactorShockStatePolicyRZDT1,6,6,0,6,6,0,0.00824999999999998,0.00824999999999998,384.0,10.0,3.0,13.0,80.0,0.0,80.0,93.0,397.0,477.0,,,,,0
dimension_frontier_d200_d10000_n13,canonical_saasbo_every_iteration,InventorySupplyChain,5,5,0,5,5,0,0.003575049608862124,0.0042814926079975165,384.0,10.0,3.0,13.0,208.0,16.0,224.0,237.0,397.0,621.0,,,,,0
dimension_frontier_d200_d10000_n13,canonical_saasbo_every_iteration,QueueResourceControl,8,8,0,8,8,0,0.0012748891865617673,0.0013380555681461528,384.0,10.0,3.0,13.0,208.0,16.0,224.0,237.0,397.0,621.0,,,,,0
dimension_frontier_d200_d10000_n13,frozen_crossdim_proposal_only,FactorShockStatePolicyRZDT1,10,10,0,10,10,0,0.00824999999999998,0.00824999999999998,384.0,10.0,0.0,10.0,80.0,0.0,80.0,90.0,394.0,474.0,,,,,0
dimension_frontier_d200_d10000_n13,frozen_crossdim_proposal_only,InventorySupplyChain,10,10,0,10,10,0,0.011634454839902802,0.011634454839902802,384.0,10.0,0.0,10.0,156.8,0.0,156.8,166.8,394.0,550.8,,,,,0
dimension_frontier_d200_d10000_n13,frozen_crossdim_proposal_only,QueueResourceControl,10,10,0,10,10,0,0.0028928991301405693,0.0028928991301405693,384.0,10.0,0.0,10.0,80.0,0.0,80.0,90.0,394.0,474.0,,,,,0
final_archive_fair_transfer_matrix_d1000_n13,fsbo_cbo:official_code_adapted_to_scalar_cbo,FactorShockStatePolicyRZDT1,20,20,0,20,20,0,0.00824999999999998,0.008220674455736997,384.0,10.0,3.0,13.0,208.0,0.8,208.8,221.8,397.0,605.8,,,,,0
final_archive_fair_transfer_matrix_d1000_n13,fsbo_cbo:official_code_adapted_to_scalar_cbo,InventorySupplyChain,20,20,0,20,20,0,0.011556952461906411,0.011556952461906411,384.0,10.0,3.0,13.0,169.6,2.4,172.0,185.0,397.0,569.0,,,,,0
final_archive_fair_transfer_matrix_d1000_n13,fsbo_cbo:official_code_adapted_to_scalar_cbo,QueueResourceControl,20,20,0,19,19,0,0.002876498493437518,0.0028457587973656144,384.0,10.0,3.0,13.0,163.2,0.8,164.0,177.0,397.0,561.0,,,,,0
final_archive_fair_transfer_matrix_d1000_n13,hyperbo_cbo:official_hyperbo_code_with_gfile_shim,FactorShockStatePolicyRZDT1,20,20,0,20,20,0,0.00824999999999998,0.00824999999999998,384.0,10.0,3.0,13.0,208.0,0.0,208.0,221.0,397.0,605.0,,,,,0
final_archive_fair_transfer_matrix_d1000_n13,hyperbo_cbo:official_hyperbo_code_with_gfile_shim,InventorySupplyChain,20,20,0,20,20,0,0.010818170171363162,0.010928987514944649,384.0,10.0,3.0,13.0,188.8,13.6,202.4,215.4,397.0,599.4,,,,,0
final_archive_fair_transfer_matrix_d1000_n13,hyperbo_cbo:official_hyperbo_code_with_gfile_shim,QueueResourceControl,20,20,0,20,20,0,0.0022924442680713475,0.0023800524018762733,384.0,10.0,3.0,13.0,214.4,10.4,224.8,237.8,397.0,621.8,,,,,0
final_archive_fair_transfer_matrix_d1000_n13,malibo_cbo:official_metablor_core_adapted_to_cbo,FactorShockStatePolicyRZDT1,20,20,0,20,20,0,0.00824999999999998,0.008015395645896128,384.0,10.0,3.0,13.0,208.0,6.4,214.4,227.4,397.0,611.4,,,,,0
final_archive_fair_transfer_matrix_d1000_n13,malibo_cbo:official_metablor_core_adapted_to_cbo,InventorySupplyChain,20,20,0,20,20,0,0.011556952461906411,0.011335317774743437,384.0,10.0,3.0,13.0,137.6,4.8,142.4,155.4,397.0,539.4,,,,,0
final_archive_fair_transfer_matrix_d1000_n13,malibo_cbo:official_metablor_core_adapted_to_cbo,QueueResourceControl,20,20,0,20,20,0,0.002876498493437518,0.0028472957821692097,384.0,10.0,3.0,13.0,131.2,0.8,132.0,145.0,397.0,529.0,,,,,0
final_archive_fair_transfer_matrix_d1000_n13,metabo_cbo:official_neuralaf_ppo_fixed_archive_extension,FactorShockStatePolicyRZDT1,20,20,0,20,20,0,0.00824999999999998,0.008015395645896128,384.0,10.0,3.0,13.0,208.0,6.4,214.4,227.4,397.0,611.4,,,,,0
final_archive_fair_transfer_matrix_d1000_n13,metabo_cbo:official_neuralaf_ppo_fixed_archive_extension,InventorySupplyChain,20,20,0,20,20,0,0.011556952461906411,0.011483074232852086,384.0,10.0,3.0,13.0,105.6,1.6,107.2,120.2,397.0,504.2,,,,,0
final_archive_fair_transfer_matrix_d1000_n13,metabo_cbo:official_neuralaf_ppo_fixed_archive_extension,QueueResourceControl,20,20,0,20,20,0,0.002876498493437518,0.0026428768032910497,384.0,10.0,3.0,13.0,150.4,4.8,155.2,168.2,397.0,552.2,,,,,0
final_archive_fair_transfer_matrix_d1000_n13,mtgp_cbo:official_transfergpbo_code,FactorShockStatePolicyRZDT1,20,20,0,20,20,0,0.00824999999999998,0.00824999999999998,384.0,10.0,3.0,13.0,169.6,0.0,169.6,182.6,397.0,566.6,,,,,0
final_archive_fair_transfer_matrix_d1000_n13,mtgp_cbo:official_transfergpbo_code,InventorySupplyChain,20,20,0,20,20,0,0.011556952461906411,0.011556952461906411,384.0,10.0,3.0,13.0,208.0,0.0,208.0,221.0,397.0,605.0,,,,,0
final_archive_fair_transfer_matrix_d1000_n13,mtgp_cbo:official_transfergpbo_code,QueueResourceControl,20,20,0,17,17,0,0.002876498493437518,0.0028077862316297332,384.0,10.0,3.0,13.0,233.6,1.6,235.2,248.2,397.0,632.2,,,,,0
final_archive_fair_transfer_matrix_d1000_n13,rgpe_cbo:official_transfergpbo_code,FactorShockStatePolicyRZDT1,20,20,0,20,20,0,0.00824999999999998,0.00824999999999998,384.0,10.0,3.0,13.0,80.0,0.0,80.0,93.0,397.0,477.0,,,,,0
final_archive_fair_transfer_matrix_d1000_n13,rgpe_cbo:official_transfergpbo_code,InventorySupplyChain,20,20,0,20,20,0,0.011556952461906411,0.01140919600379776,384.0,10.0,3.0,13.0,195.2,3.2,198.4,211.4,397.0,595.4,,,,,0
final_archive_fair_transfer_matrix_d1000_n13,rgpe_cbo:official_transfergpbo_code,QueueResourceControl,20,20,0,19,19,0,0.002876498493437518,0.002661320620934192,384.0,10.0,3.0,13.0,182.4,4.0,186.4,199.4,397.0,583.4,,,,,0
final_archive_fair_transfer_matrix_d1000_n13,safe_fpacoh_cbo:official_code_with_compatibility_shims,FactorShockStatePolicyRZDT1,20,20,0,20,20,0,0.00824999999999998,0.00824999999999998,384.0,10.0,3.0,13.0,201.6,0.0,201.6,214.6,397.0,598.6,,,,,0
final_archive_fair_transfer_matrix_d1000_n13,safe_fpacoh_cbo:official_code_with_compatibility_shims,InventorySupplyChain,20,20,0,20,20,0,0.011556952461906411,0.01140919600379776,384.0,10.0,3.0,13.0,208.0,3.2,211.2,224.2,397.0,608.2,,,,,0
final_archive_fair_transfer_matrix_d1000_n13,safe_fpacoh_cbo:official_code_with_compatibility_shims,QueueResourceControl,20,20,0,16,16,0,0.002876498493437518,0.002876498493437518,384.0,10.0,3.0,13.0,233.6,0.0,233.6,246.6,397.0,630.6,,,,,0
final_archive_fair_transfer_matrix_d1000_n13,stacked_transfer_gp_cbo:official_transfergpbo_code,FactorShockStatePolicyRZDT1,20,20,0,20,20,0,0.00824999999999998,0.00824999999999998,384.0,10.0,3.0,13.0,80.0,0.0,80.0,93.0,397.0,477.0,,,,,0
final_archive_fair_transfer_matrix_d1000_n13,stacked_transfer_gp_cbo:official_transfergpbo_code,InventorySupplyChain,20,20,0,20,20,0,0.011556952461906411,0.01152001334737925,384.0,10.0,3.0,13.0,86.4,0.8,87.2,100.2,397.0,484.2,,,,,0
final_archive_fair_transfer_matrix_d1000_n13,stacked_transfer_gp_cbo:official_transfergpbo_code,QueueResourceControl,20,20,0,20,20,0,0.002876498493437518,0.002876498493437518,384.0,10.0,3.0,13.0,105.6,0.0,105.6,118.6,397.0,502.6,,,,,0
final_dimension_frontier_d10000_proposal_n10,frozen_crossdim_proposal_only,FactorShockStatePolicyRZDT1,10,10,0,10,10,0,0.00824999999999998,0.00824999999999998,384.0,10.0,0.0,10.0,80.0,0.0,80.0,90.0,394.0,474.0,,,,,0
final_dimension_frontier_d10000_proposal_n10,frozen_crossdim_proposal_only,InventorySupplyChain,10,10,0,10,10,0,0.011549585995819345,0.011549585995819345,384.0,10.0,0.0,10.0,131.2,0.0,131.2,141.2,394.0,525.2,,,,,0
final_dimension_frontier_d10000_proposal_n10,frozen_crossdim_proposal_only,QueueResourceControl,10,10,0,10,10,0,0.0028639999916157954,0.0028639999916157954,384.0,10.0,0.0,10.0,131.2,0.0,131.2,141.2,394.0,525.2,,,,,0
final_dimension_frontier_d10000_saas_n13,canonical_saasbo_every_iteration,FactorShockStatePolicyRZDT1,10,10,0,10,10,0,0.00824999999999998,0.00824999999999998,384.0,10.0,3.0,13.0,92.8,0.0,92.8,105.8,397.0,489.8,,,,,0
final_dimension_frontier_d10000_saas_n13,canonical_saasbo_every_iteration,InventorySupplyChain,10,10,0,10,10,0,0.010807347751859875,0.0076337361772720325,384.0,10.0,3.0,13.0,208.0,12.8,220.8,233.8,397.0,617.8,,,,,0
final_dimension_frontier_d10000_saas_n13,canonical_saasbo_every_iteration,QueueResourceControl,10,10,0,10,10,0,0.001907911901218945,0.00194918427020343,384.0,10.0,3.0,13.0,208.0,11.2,219.2,232.2,397.0,616.2,,,,,0
final_dimension_frontier_d10000_saas_n20,canonical_saasbo_every_iteration,FactorShockStatePolicyRZDT1,10,10,0,10,10,0,0.00824999999999998,0.007241193474963048,384.0,10.0,10.0,20.0,131.2,4.8,136.0,156.0,404.0,540.0,,,,,0
final_dimension_frontier_d10000_saas_n20,canonical_saasbo_every_iteration,InventorySupplyChain,10,10,0,10,10,0,0.007444237898029615,0.006870460117095573,384.0,10.0,10.0,20.0,208.0,16.0,224.0,244.0,404.0,628.0,,,,,0
final_dimension_frontier_d10000_saas_n20,canonical_saasbo_every_iteration,QueueResourceControl,10,10,0,10,10,0,0.0023872108833021544,0.0021360906436026284,384.0,10.0,10.0,20.0,220.8,11.2,232.0,252.0,404.0,636.0,,,,,0
final_dimension_frontier_d10000_saas_n40,canonical_saasbo_every_iteration,FactorShockStatePolicyRZDT1,10,10,0,10,10,0,0.00824999999999998,0.00783435292135073,384.0,10.0,30.0,40.0,156.8,3.2,160.0,200.0,424.0,584.0,,,,,0
final_dimension_frontier_d10000_saas_n40,canonical_saasbo_every_iteration,InventorySupplyChain,10,10,0,10,10,0,0.0067244223603526165,0.0070965966294817715,384.0,10.0,30.0,40.0,208.0,14.4,222.4,262.4,424.0,646.4,,,,,0
final_dimension_frontier_d10000_saas_n40,canonical_saasbo_every_iteration,QueueResourceControl,10,10,0,10,10,0,0.0028639999916157954,0.002872942012239488,384.0,10.0,30.0,40.0,208.0,11.2,219.2,259.2,424.0,643.2,,,,,0
final_frontend_backend_factorial_d1000_n13,canonical_saasbo_every_iteration,FactorShockStatePolicyRZDT1,20,20,0,20,20,0,0.00824999999999998,0.00824999999999998,384.0,10.0,3.0,13.0,92.8,0.0,92.8,105.8,397.0,489.8,,,,,0
final_frontend_backend_factorial_d1000_n13,canonical_saasbo_every_iteration,InventorySupplyChain,20,20,0,20,20,0,0.0030653257750624385,0.004986214532421726,384.0,10.0,3.0,13.0,201.6,14.4,216.0,229.0,397.0,613.0,,,,,0
final_frontend_backend_factorial_d1000_n13,canonical_saasbo_every_iteration,QueueResourceControl,20,20,0,20,20,0,0.0016770440403385545,0.0018419354648146007,384.0,10.0,3.0,13.0,208.0,12.8,220.8,233.8,397.0,617.8,,,,,0
final_frontend_backend_factorial_d1000_n13,frozen_crossdim_proposal_only,FactorShockStatePolicyRZDT1,20,20,0,20,20,0,0.00824999999999998,0.00824999999999998,384.0,10.0,0.0,10.0,80.0,0.0,80.0,90.0,394.0,474.0,,,,,0
final_frontend_backend_factorial_d1000_n13,frozen_crossdim_proposal_only,InventorySupplyChain,20,20,0,20,20,0,0.011556952461906411,0.011556952461906411,384.0,10.0,0.0,10.0,118.4,0.0,118.4,128.4,394.0,512.4,,,,,0
final_frontend_backend_factorial_d1000_n13,frozen_crossdim_proposal_only,QueueResourceControl,20,20,0,20,20,0,0.002876498493437518,0.002876498493437518,384.0,10.0,0.0,10.0,112.0,0.0,112.0,122.0,394.0,506.0,,,,,0
final_frontend_backend_factorial_d1000_n13,scolh:v69_feasible_first_verified_initial_incumbent,FactorShockStatePolicyRZDT1,20,20,0,20,20,0,0.00824999999999998,0.00824999999999998,384.0,10.0,3.0,13.0,80.0,0.0,80.0,93.0,397.0,477.0,,,,,0
final_frontend_backend_factorial_d1000_n13,scolh:v69_feasible_first_verified_initial_incumbent,InventorySupplyChain,20,20,0,20,20,0,0.011556952461906411,0.01125866932191622,384.0,10.0,3.0,13.0,204.8,0.0,204.8,217.8,397.0,601.8,,,,,0
final_frontend_backend_factorial_d1000_n13,scolh:v69_feasible_first_verified_initial_incumbent,QueueResourceControl,20,20,0,20,20,0,0.002876498493437518,0.0026356672684336863,384.0,10.0,3.0,13.0,182.4,0.0,182.4,195.4,397.0,579.4,,,,,0
final_frontend_backend_factorial_d1000_n13,stacked_transfer_gp_cbo:official_transfergpbo_code,FactorShockStatePolicyRZDT1,20,20,0,20,20,0,0.00824999999999998,0.00824999999999998,384.0,10.0,3.0,13.0,80.0,0.0,80.0,93.0,397.0,477.0,,,,,0
final_frontend_backend_factorial_d1000_n13,stacked_transfer_gp_cbo:official_transfergpbo_code,InventorySupplyChain,20,20,0,20,20,0,0.011556952461906411,0.01152001334737925,384.0,10.0,3.0,13.0,86.4,0.8,87.2,100.2,397.0,484.2,,,,,0
final_frontend_backend_factorial_d1000_n13,stacked_transfer_gp_cbo:official_transfergpbo_code,QueueResourceControl,20,20,0,20,20,0,0.002876498493437518,0.002876498493437518,384.0,10.0,3.0,13.0,105.6,0.0,105.6,118.6,397.0,502.6,,,,,0
final_frozen_sobol_frontend_control_d1000_n13,canonical_saasbo_every_iteration,FactorShockStatePolicyRZDT1,20,20,0,0,0,0,,,0.0,10.0,3.0,13.0,336.0,0.0,336.0,349.0,13.0,349.0,,,,,0
final_frozen_sobol_frontend_control_d1000_n13,canonical_saasbo_every_iteration,InventorySupplyChain,20,20,0,0,0,0,,,0.0,10.0,3.0,13.0,336.0,0.0,336.0,349.0,13.0,349.0,,,,,0
final_frozen_sobol_frontend_control_d1000_n13,canonical_saasbo_every_iteration,QueueResourceControl,20,20,0,0,0,0,,,0.0,10.0,3.0,13.0,336.0,0.0,336.0,349.0,13.0,349.0,,,,,0
final_frozen_sobol_frontend_control_d1000_n13,common_sobol_proposal_only,FactorShockStatePolicyRZDT1,20,20,0,0,0,0,,,0.0,10.0,0.0,10.0,336.0,0.0,336.0,346.0,10.0,346.0,,,,,0
final_frozen_sobol_frontend_control_d1000_n13,common_sobol_proposal_only,InventorySupplyChain,20,20,0,0,0,0,,,0.0,10.0,0.0,10.0,336.0,0.0,336.0,346.0,10.0,346.0,,,,,0
final_frozen_sobol_frontend_control_d1000_n13,common_sobol_proposal_only,QueueResourceControl,20,20,0,0,0,0,,,0.0,10.0,0.0,10.0,336.0,0.0,336.0,346.0,10.0,346.0,,,,,0
final_frozen_sobol_frontend_control_d1000_n13,stacked_transfer_gp_cbo:official_transfergpbo_code,FactorShockStatePolicyRZDT1,20,20,0,0,0,0,,,384.0,10.0,3.0,13.0,336.0,0.0,336.0,349.0,397.0,733.0,,,,,0
final_frozen_sobol_frontend_control_d1000_n13,stacked_transfer_gp_cbo:official_transfergpbo_code,InventorySupplyChain,20,20,0,1,1,0,0.010818170171363162,0.010818170171363162,384.0,10.0,3.0,13.0,336.0,0.0,336.0,349.0,397.0,733.0,,,,,0
final_frozen_sobol_frontend_control_d1000_n13,stacked_transfer_gp_cbo:official_transfergpbo_code,QueueResourceControl,20,20,0,0,0,0,,,384.0,10.0,3.0,13.0,336.0,0.0,336.0,349.0,397.0,733.0,,,,,0
final_frozen_source_frontend_backend_d1000_n13,canonical_saasbo_every_iteration,FactorShockStatePolicyRZDT1,20,20,0,20,20,0,0.00824999999999998,0.00824999999999998,384.0,10.0,3.0,13.0,99.2,0.8,100.0,113.0,397.0,497.0,,,,,0
final_frozen_source_frontend_backend_d1000_n13,canonical_saasbo_every_iteration,InventorySupplyChain,20,20,0,20,20,0,0.0030653257750624385,0.005085490726357359,384.0,10.0,3.0,13.0,195.2,13.6,208.8,221.8,397.0,605.8,,,,,0
final_frozen_source_frontend_backend_d1000_n13,canonical_saasbo_every_iteration,QueueResourceControl,20,20,0,20,20,0,0.001471536192410472,0.0019571704575526926,384.0,10.0,3.0,13.0,201.6,11.2,212.8,225.8,397.0,609.8,,,,,0
final_frozen_source_frontend_backend_d1000_n13,frozen_crossdim_proposal_only,FactorShockStatePolicyRZDT1,20,20,0,20,20,0,0.00824999999999998,0.00824999999999998,384.0,10.0,0.0,10.0,80.0,0.0,80.0,90.0,394.0,474.0,,,,,0
final_frozen_source_frontend_backend_d1000_n13,frozen_crossdim_proposal_only,InventorySupplyChain,20,20,0,20,20,0,0.011556952461906411,0.011556952461906411,384.0,10.0,0.0,10.0,118.4,0.0,118.4,128.4,394.0,512.4,,,,,0
final_frozen_source_frontend_backend_d1000_n13,frozen_crossdim_proposal_only,QueueResourceControl,20,20,0,20,20,0,0.002876498493437518,0.002876498493437518,384.0,10.0,0.0,10.0,112.0,0.0,112.0,122.0,394.0,506.0,,,,,0
final_frozen_source_frontend_backend_d1000_n13,stacked_transfer_gp_cbo:official_transfergpbo_code,FactorShockStatePolicyRZDT1,20,20,0,20,20,0,0.00824999999999998,0.00824999999999998,384.0,10.0,3.0,13.0,80.0,0.0,80.0,93.0,397.0,477.0,,,,,0
final_frozen_source_frontend_backend_d1000_n13,stacked_transfer_gp_cbo:official_transfergpbo_code,InventorySupplyChain,20,20,0,20,20,0,0.011556952461906411,0.01152001334737925,384.0,10.0,3.0,13.0,86.4,0.8,87.2,100.2,397.0,484.2,,,,,0
final_frozen_source_frontend_backend_d1000_n13,stacked_transfer_gp_cbo:official_transfergpbo_code,QueueResourceControl,20,20,0,20,20,0,0.002876498493437518,0.002876498493437518,384.0,10.0,3.0,13.0,105.6,0.0,105.6,118.6,397.0,502.6,,,,,0
frontend_component_causal_ablation_d1000_n10,frozen_crossdim_proposal_only,FactorShockStatePolicyRZDT1,20,20,0,20,20,0,0.00824999999999998,0.00824999999999998,384.0,10.0,0.0,10.0,80.0,0.0,80.0,90.0,394.0,474.0,,,,,0
frontend_component_causal_ablation_d1000_n10,frozen_crossdim_proposal_only,InventorySupplyChain,20,20,0,20,20,0,0.011556952461906411,0.011556952461906411,384.0,10.0,0.0,10.0,118.4,0.0,118.4,128.4,394.0,512.4,,,,,0
frontend_component_causal_ablation_d1000_n10,frozen_crossdim_proposal_only,QueueResourceControl,20,20,0,20,20,0,0.002876498493437518,0.002876498493437518,384.0,10.0,0.0,10.0,112.0,0.0,112.0,122.0,394.0,506.0,,,,,0
frontend_component_causal_ablation_d1000_n10,frozen_source_templates_proposal_only,FactorShockStatePolicyRZDT1,20,20,0,0,0,0,,,384.0,10.0,0.0,10.0,336.0,0.0,336.0,346.0,394.0,730.0,,,,,0
frontend_component_causal_ablation_d1000_n10,frozen_source_templates_proposal_only,InventorySupplyChain,20,20,0,20,20,0,0.011556952461906411,0.011556952461906411,384.0,10.0,0.0,10.0,137.6,0.0,137.6,147.6,394.0,531.6,,,,,0
frontend_component_causal_ablation_d1000_n10,frozen_source_templates_proposal_only,QueueResourceControl,20,20,0,20,20,0,0.002876498493437518,0.002876498493437518,384.0,10.0,0.0,10.0,118.4,0.0,118.4,128.4,394.0,512.4,,,,,0
frontend_component_causal_ablation_d1000_n10,frozen_universal_proposal_only,FactorShockStatePolicyRZDT1,20,20,0,20,20,0,0.00824999999999998,0.00824999999999998,0.0,10.0,0.0,10.0,112.0,0.0,112.0,122.0,10.0,122.0,,,,,0
frontend_component_causal_ablation_d1000_n10,frozen_universal_proposal_only,InventorySupplyChain,20,20,0,6,2,0,0.030244717297076645,0.02474817691778138,0.0,10.0,0.0,10.0,316.8,0.0,316.8,326.8,10.0,326.8,,,,,0
frontend_component_causal_ablation_d1000_n10,frozen_universal_proposal_only,QueueResourceControl,20,20,0,1,1,0,0.0023383453000000443,0.0023383453000000443,0.0,10.0,0.0,10.0,323.2,0.0,323.2,333.2,10.0,333.2,,,,,0
legacy_related_family_bridge_d5_n13,canonical_saasbo_every_iteration,PaperRZDT1,20,20,0,19,18,0,0.1170828693386971,0.4753027985177951,384.0,10.0,3.0,13.0,252.8,0.0,252.8,265.8,397.0,649.8,,,,,0
legacy_related_family_bridge_d5_n13,canonical_saasbo_every_iteration,PaperRZDT2,20,20,0,20,20,0,0.0,0.05348738532110092,384.0,10.0,3.0,13.0,214.4,0.0,214.4,227.4,397.0,611.4,,,,,0
legacy_related_family_bridge_d5_n13,canonical_saasbo_every_iteration,PaperRZDT5_RR,20,20,0,20,20,0,0.1076923076923077,0.10151580502830504,384.0,10.0,3.0,13.0,169.6,11.2,180.8,193.8,397.0,577.8,,,,,0
source_hvd_causal_gate_d1000_n13,botorch_scbo:canonical_scbo_constrained_ts+hvd:pooled,FactorShockStatePolicyRZDT1,20,20,0,20,20,0,0.00824999999999998,0.008144353393433463,384.0,10.0,3.0,13.0,150.4,8.8,159.2,172.2,397.0,556.2,1.157898272022957,0.0037258329252854105,1.0,0.0,20
source_hvd_causal_gate_d1000_n13,botorch_scbo:canonical_scbo_constrained_ts+hvd:pooled,InventorySupplyChain,20,20,0,20,20,0,0.011556952461906411,0.011532234541765964,384.0,10.0,3.0,13.0,176.0,6.4,182.4,195.4,397.0,579.4,0.5773285235607022,0.0007005470407352292,1.0,0.0,20
source_hvd_causal_gate_d1000_n13,botorch_scbo:canonical_scbo_constrained_ts+hvd:pooled,QueueResourceControl,20,20,0,19,19,0,0.002876498493437518,0.0028809732565403825,384.0,10.0,3.0,13.0,182.4,8.0,190.4,203.4,397.0,587.4,0.5014180511726625,0.0006289885790709495,1.0,0.0,20
source_hvd_causal_gate_d1000_n13,botorch_scbo:canonical_scbo_constrained_ts+hvd:provider_cumulative_factor,FactorShockStatePolicyRZDT1,20,20,0,20,20,0,0.00824999999999998,0.008199463664365053,384.0,10.0,3.0,13.0,150.4,8.0,158.4,171.4,397.0,555.4,0.2185826831228165,0.0011886918162631256,1.0,0.9188848338194321,20
source_hvd_causal_gate_d1000_n13,botorch_scbo:canonical_scbo_constrained_ts+hvd:provider_cumulative_factor,InventorySupplyChain,20,20,0,20,20,0,0.011556952461906411,0.011539687781309088,384.0,10.0,3.0,13.0,176.0,8.0,184.0,197.0,397.0,581.0,0.3489180694867478,0.0003738521949126957,1.0,0.9530653303009183,20
source_hvd_causal_gate_d1000_n13,botorch_scbo:canonical_scbo_constrained_ts+hvd:provider_cumulative_factor,QueueResourceControl,20,20,0,19,19,0,0.002876498493437518,0.00287345148861767,384.0,10.0,3.0,13.0,188.8,8.8,197.6,210.6,397.0,594.6,0.25396594970312775,0.00027834427469081694,1.0,0.995162367168296,20
target_only_periodic_capped_saas_n397,saasbo_periodic_capped,FactorShockStatePolicyRZDT1,20,20,0,0,0,0,,,0.0,10.0,387.0,397.0,176.0,0.0,176.0,573.0,397.0,573.0,,,,,0
target_only_periodic_capped_saas_n397,saasbo_periodic_capped,InventorySupplyChain,20,20,0,2,1,0,0.016470655176298532,0.016470655176298532,0.0,10.0,387.0,397.0,171.2,0.0,171.2,568.2,397.0,568.2,,,,,0
target_only_periodic_capped_saas_n397,saasbo_periodic_capped,QueueResourceControl,20,20,0,0,0,0,,,0.0,10.0,387.0,397.0,176.0,0.0,176.0,573.0,397.0,573.0,,,,,0
target_only_periodic_capped_saas_n397,saasbo_unclassified:missing_fidelity,InventorySupplyChain,2,0,2,0,0,0,,,,,,,,,,,,,,,,,0
target_only_periodic_capped_saas_n397,saasbo_unclassified:missing_fidelity,QueueResourceControl,2,0,2,0,0,0,,,,,,,,,,,,,,,,,0
target_only_total_cost_n397,botorch_scbo:canonical_scbo_constrained_ts,FactorShockStatePolicyRZDT1,20,18,2,0,0,0,,,0.0,10.0,387.0,397.0,176.0,0.0,176.0,573.0,397.0,573.0,,,,,0
target_only_total_cost_n397,botorch_scbo:canonical_scbo_constrained_ts,InventorySupplyChain,20,18,2,0,0,0,,,0.0,10.0,387.0,397.0,176.0,0.0,176.0,573.0,397.0,573.0,,,,,0
target_only_total_cost_n397,botorch_scbo:canonical_scbo_constrained_ts,QueueResourceControl,20,20,0,0,0,0,,,0.0,10.0,387.0,397.0,176.0,0.0,176.0,573.0,397.0,573.0,,,,,0
target_only_total_cost_n397,botorch_turbo:canonical_turbo1_ts,FactorShockStatePolicyRZDT1,20,20,0,0,0,0,,,0.0,10.0,387.0,397.0,176.0,0.0,176.0,573.0,397.0,573.0,,,,,0
target_only_total_cost_n397,botorch_turbo:canonical_turbo1_ts,InventorySupplyChain,20,20,0,0,0,0,,,0.0,10.0,387.0,397.0,176.0,0.0,176.0,573.0,397.0,573.0,,,,,0
target_only_total_cost_n397,botorch_turbo:canonical_turbo1_ts,QueueResourceControl,20,20,0,0,0,0,,,0.0,10.0,387.0,397.0,176.0,0.0,176.0,573.0,397.0,573.0,,,,,0
uniform_external_total_cost_d1000_n397,uniform_verified::botorch_scbo:canonical_scbo_constrained_ts,FactorShockStatePolicyRZDT1,20,20,0,0,0,0,,,0.0,10.0,387.0,397.0,256.0,0.0,256.0,653.0,397.0,653.0,,,,,0
uniform_external_total_cost_d1000_n397,uniform_verified::botorch_scbo:canonical_scbo_constrained_ts,InventorySupplyChain,20,20,0,0,0,0,,,0.0,10.0,387.0,397.0,256.0,0.0,256.0,653.0,397.0,653.0,,,,,0
uniform_external_total_cost_d1000_n397,uniform_verified::botorch_scbo:canonical_scbo_constrained_ts,QueueResourceControl,20,20,0,0,0,0,,,0.0,10.0,387.0,397.0,256.0,0.0,256.0,653.0,397.0,653.0,,,,,0
uniform_external_total_cost_d1000_n397,uniform_verified::botorch_turbo:canonical_turbo1_ts,FactorShockStatePolicyRZDT1,20,20,0,0,0,0,,,0.0,10.0,387.0,397.0,256.0,0.0,256.0,653.0,397.0,653.0,,,,,0
uniform_external_total_cost_d1000_n397,uniform_verified::botorch_turbo:canonical_turbo1_ts,InventorySupplyChain,20,20,0,0,0,0,,,0.0,10.0,387.0,397.0,256.0,0.0,256.0,653.0,397.0,653.0,,,,,0
uniform_external_total_cost_d1000_n397,uniform_verified::botorch_turbo:canonical_turbo1_ts,QueueResourceControl,20,20,0,0,0,0,,,0.0,10.0,387.0,397.0,256.0,0.0,256.0,653.0,397.0,653.0,,,,,0
uniform_external_total_cost_d1000_n397,uniform_verified::canonical_saasbo_every_iteration,FactorShockStatePolicyRZDT1,20,20,0,20,20,0,0.00824999999999998,0.00824999999999998,384.0,10.0,3.0,13.0,140.8,0.0,140.8,153.8,397.0,537.8,,,,,0
uniform_external_total_cost_d1000_n397,uniform_verified::canonical_saasbo_every_iteration,InventorySupplyChain,20,20,0,20,20,0,0.0030653257750624385,0.005202006366712581,384.0,10.0,3.0,13.0,128.0,0.0,128.0,141.0,397.0,525.0,,,,,0
uniform_external_total_cost_d1000_n397,uniform_verified::canonical_saasbo_every_iteration,QueueResourceControl,20,20,0,20,20,0,0.0014327770906072679,0.0018497444228611382,384.0,10.0,3.0,13.0,128.0,0.0,128.0,141.0,397.0,525.0,,,,,0
uniform_external_total_cost_d1000_n397,uniform_verified::saasbo_periodic_capped,FactorShockStatePolicyRZDT1,20,20,0,0,0,0,,,0.0,10.0,387.0,397.0,256.0,0.0,256.0,653.0,397.0,653.0,,,,,0
uniform_external_total_cost_d1000_n397,uniform_verified::saasbo_periodic_capped,InventorySupplyChain,20,20,0,2,2,0,0.016470655176298532,0.016470655176298532,0.0,10.0,387.0,397.0,243.2,0.0,243.2,640.2,397.0,640.2,,,,,0
uniform_external_total_cost_d1000_n397,uniform_verified::saasbo_periodic_capped,QueueResourceControl,20,20,0,0,0,0,,,0.0,10.0,387.0,397.0,256.0,0.0,256.0,653.0,397.0,653.0,,,,,0
